Item,Frequency
거예요 미래를 바꾸기 위해,8
없다 그것이,8
제 형제들을,8
그러다 어느 날 밤,8
없다 그래도,8
없다 그럴,8
없다 내 말은,8
더 젊었을,8
그러다 이런,8
없다 다만,8
없다 단지,8
없다 당신을,8
더 정확히 말하자면,8
없다 또,8
엄마를 만나게,8
거예요 믿음을,8
없다 방금,8
엄마를 만나,8
없다 아빠,8
더 조심해서,8
그러다 하루는,8
없다 전에,8
없다 제가,8
거예요 밤새,8
더 좋다면,8
없다 항복도,8
없다 항복도 없다,8
그러다가 우리,8
없다고 그런,8
그러다가 이,8
가져와 지금,8
그러더니 그,8
나를 비난하는,8
더 싫어하게,8
없다고 말해요,8
그러더니 어느,8
없다고 맞아,8
없다고 믿는,8
없다고 믿게,8
없다고 봐야,8
더 좋아했어,8
제가 걔를,8
그러도록 하죠,8
없다고 생각해서,8
없다고 오늘,8
없다고 이런,8
더 좋았지,8
없다고 하니,8
더 좋은 거로,8
없다고 하셨어,8
더 좋은 건 없지,8
없다고 하셨지만,8
더 좋은 것이,8
없다고 확신할,8
없다고요 그럼,8
없다고요 내,8
없다고요 당신이,8
없다고요 이제,8
없다는 가정 하에,8
더 좋은 방법이 있어,8
더 좋은 방법이 있지,8
없다는 거 알지만,8
없다는 거고,8
더 좋은 상황에서,8
거예요 부탁,8
더 좋은 생각이 있는데,8
없다는 걸 깨달았죠,8
없다는 걸 깨달았지,8
없다는 걸 알 텐데,8
거예요 부탁드려요,8
없다는 걸 알아냈어,8
없다는 걸 알아요,8
없다는 걸 잘,8
제가 그 애를,8
특별히 찾으시는,8
그러려던 건 아니었어,8
그러려던 건 아닌데,8
더 좋은 집을,8
없다는 것을 의미한다,8
없다는 것을요,8
없다는 것이 얼마나,8
없다는 게 무슨,8
그러려면 시간이,8
더 좋을거,8
그러려면 이,8
없다는 점을,8
더 좋을지도,8
없다니 무슨 말이야,8
없다면 그건,8
더 주겠다고,8
없다면 날,8
없다면 너는,8
그러면 괜찮을,8
없다면 아무,8
없다면 어떤,8
그러면 그걸,8
더 주시겠습니까,8
없다면 전,8
거예요 사건,8
엄마의 사랑을,8
거예요 너한테,8
없더라고 그,8
더 중요하고,8
없던 건데,8
없던 내,8
없던 듯이 살아,8
그러면 나를,8
없던 일로 해요,8
제 편지를,8
더 중요한 일들이,8
없도록 하세요,8
없도록 확실히,8
그러면 내가 어떻게,8
없소 그래서,8
모든 비행,8
없소 우리가,8
제가 놓친,8
그러면 너와,8
없습니다 그게 무슨,8
더 지금,8
없습니다 그러니까,8
거예요 네 말이,8
없습니다 그의,8
그러면 누군가,8
더 지저분하게,8
없습니다 내일,8
없습니다 당신의,8
더 질문이,8
없습니다 따라서,8
가져왔는지 봐,8
더 찍으면,8
없습니다 아마,8
더 찍죠,8
엄마한테 배운,8
없습니다 어디,8
없습니다 어느,8
거예요 서둘러,8
없습니다 오직,8
없습니다 이걸,8
없습니다 자네,8
없습니다 잘,8
더 채워,8
특이한 점을,8
없습니다 죄송합니다,8
그러면 둘이,8
없습니다 혹시,8
그러면 많은,8
더 충격적인,8
더 치고,8
엄마한테 전화할,8
없애고 싶은,8
더 친해,8
없애는 거예요,8
그러면 모든 걸,8
제가 더 감사하죠,8
더 커 보이게,8
없애는 유일한,8
더 커야지,8
없애야 한다고,8
특정 인물을,8
없애줄 수 있어,8
그러면 뭔가,8
없앨 겁니다,8
제 생각은 이렇습니다,8
더 커질 거야,8
그러면 상황이,8
더 크게 말씀해,8
제가 돌봐,8
더 악화시켰어요,8
더 큰 것이,8
그러면 아주,8
그러면 안 됐어,8
없어 결코 얻을,8
더 큰 꿈을,8
그러면 안 되겠죠,8
제가 둘 다,8
없어 괜찮을 거야,8
더 큰 문제가 있습니다,8
더 큰 문제에,8
더 큰 사람이,8
없어 그게 아니라,8
없어 그냥 그렇게,8
그러면 안 될 텐데,8
없어 그래 그럼,8
제가 들어갈게요,8
없어 그래서 온,8
거예요 실제로,8
그러니 진정해,8
그러면 안되죠,8
그러면 안될,8
없어 그런 식으로,8
더 클 줄,8
그러면 안됩니다,8
없어 그럴 순 없다고,8
더 키울,8
더 키워,8
그러면 어느,8
그러면 어디로,8
그러면 어때,8
더 파야,8
더 파면,8
제가 떠나기 전에,8
더 퍼지,8
제가 똑똑히,8
제가 마실,8
없어 그치만,8
없어 기분,8
더 평범한,8
더 평화로운,8
없어 끔찍한,8
제가 만난 사람 중,8
없어 나 때문에,8
더 퓨처,8
더 필요 없어,8
더 필요하단,8
없어 난 속일 수,8
더 필요하대,8
없어 내 말 믿어,8
더 필요한 거 있으세요,8
더 필요한 건 없어요,8
없어 내가 뭘,8
없어 내가 어떤,8
엄청 눈에,8
더 필요할 거예요,8
거예요 아들이,8
선택한 삶을,8
거예요 아름다운,8
더 필요합니까,8
엄청 도움,8
모든 수술을,8
없어 넌 할,8
없어 넌 할 수,8
더 하겠습니다,8
더 하고 싶은 말,8
없어 누나,8
그러면 자기,8
더 하러,8
없어 다른 방법을,8
없어 다른 사람,8
없어 다음에,8
없어 닥쳐,8
더 하실 말씀 있나요,8
없어 당신이 내,8
없어 당신한테,8
제가 먼저 갈게요,8
그러면 저희는,8
더 할 게,8
그러면 절대 안,8
없어 두고,8
없어 드디어,8
더 할 말도,8
모든 시름,8
없어 루시어스,8
없어 루시,8
없어 루시퍼,8
없어 마음대로,8
없어 마이클,8
더 할 얘기가,8
없어 만약에,8
없어 말해,8
없어 말할,8
없어 말해봐,8
제가 모은,8
그러면 좋겠죠,8
없어 며칠,8
거예요 아셨죠,8
더 해 줄까,8
더 해라,8
거예요 다 같이,8
그러면 직접,8
그러면 참,8
없어 반드시,8
없어 방법이,8
없어 방법을,8
없어 배,8
없어 보였습니다,8
더 했다간,8
더 했어요,8
더 했으면,8
더 했죠,8
틀렸던 것 같아,8
없어 비켜,8
제가 뭐라고 할,8
더 현대적인,8
거예요 아주머니,8
없어 사장님,8
더 현실적으로,8
그러세요 고마워요,8
그러므로 우리는,8
없어 선택의 여지가,8
없어 세상은,8
없어 세상이,8
더 화려하게,8
그러세요 난,8
모든 것이가,8
없어 시간을,8
제가 뭘 하길,8
제가 뭘 해야 하죠,8
없어 씨발,8
더 황당한,8
더 효과가,8
그러셔야 합니다,8
그러셔야 해요,8
없어 아버지는,8
거예요 안녕히 계세요,8
없어 아이,8
없어 아저씨,8
더 힘들 거야,8
더 힘들 거예요,8
모든 여성의,8
더 약한,8
더 힘들게 하지 마,8
거예요 안전한,8
그러신 거,8
더그 스탬퍼가,8
없어 얼마,8
없어 엄마도,8
없어 엄마한테,8
더글러스 윈터,8
없어 없다니,8
없어 에,8
더는 감당,8
없어 여기도,8
더는 견딜 수가,8
없어 열,8
거예요 알아들었어요,8
없어 오늘 밤에,8
없어 온,8
가져왔어요 정말,8
본 거 같네요,8
없어 왜 여기,8
없어 우리끼리,8
모든 올바른,8
제가 보증합니다,8
제가 본 최고의,8
거예요 애,8
없어 우린 할,8
더는 두고,8
그러자 그녀는,8
없어 월터,8
없어 이걸로,8
더는 못 기다리겠어,8
없어 이곳은,8
없어 이러다,8
더는 못 버티겠어요,8
더는 못 보겠어요,8
그러죠 그,8
더는 못 봐줘,8
틀린 말이야,8
더는 못 참겠네,8
설계되지 않았습니다,8
없어 이제 막,8
감당할 순,8
그러죠 근데,8
나를 쫓아왔다,8
설계했다 테러 행위를,8
그러죠 당신이,8
더는 믿을 수,8
그러니까 그게 무슨,8
없어 잠시만,8
없어 잭,8
없어 저게,8
없어 절대 얻을,8
없어 절대 얻을 수,8
그러죠 아니,8
없어 정말요,8
틀림없어 이,8
더는 아닙니다,8
없어 제일,8
없어 제임스,8
그러죠 어떤,8
더는 안 되겠어요,8
더는 안돼,8
더는 안돼요,8
거예요 어디 보자,8
본 거 있어요,8
더는 용납 못,8
그러죠 제가,8
더는 우리,8
그러죠 지금,8
엄청나게 많은데,8
더 얻으면,8
없어 학교,8
제가 시장,8
거예요 어떻게 알아요,8
더는 할 말 없어요,8
없어 형을,8
없어 형이,8
밤새 밖에,8
없어 회사,8
그러지 마 그렇게,8
없어 흠,8
없어도 希望に寄り添えるか 희망에 기댈,8
그러지 마 나도,8
없어도 살 수,8
없어서 그게,8
더러운 꼴을,8
없어서 그런가,8
없어서 그럴,8
없어서 나,8
그러지 마 아니,8
더러운 돈이,8
거예요 어머니는,8
없어서 다시,8
없어서 뭐가,8
더러운 세상을,8
엄청나게 화낼,8
거예요 어이,8
없어서 오늘,8
없어서 온,8
게 아니라니,8
더러운 옷을,8
더러운 일을 하기 위해서,8
그러니까 꺼져,8
없어야 더,8
그러지 마세요 제가,8
그러지 마세요 제발,8
없어요 거짓말,8
더럽게 재수,8
더럽고 역겨운,8
더럽지 않아,8
없어요 그거야,8
없어요 그건 안,8
더럽히지 마,8
더럽히면 안,8
그러지 말고 가자,8
더미 위에서,8
더미에서 바늘을,8
없어요 그래야,8
그러지 말고 나,8
없어요 그러나,8
그러지 말고 말해,8
없어요 그러시겠죠,8
더블 초콜릿,8
거예요 엄마도,8
엄청난 우연이네요,8
밤새 혼자,8
더요 이,8
거예요 엄청나게,8
그러지 말라는,8
그러지 말아라,8
거예요 에드,8
더욱 안,8
없어요 놈들이,8
거예요 엘리자베스,8
그러지 말았어야 하는데,8
없어요 다른 방법이,8
제가 알죠,8
더워 죽겠어,8
더워서 못,8
더워서 그래,8
제가 얘기해보죠,8
없어요 당신 말이,8
없어요 당연하죠,8
더이상 그를,8
더 오래요,8
엄한 데,8
더 오른쪽,8
없어요 말할,8
업 그레,8
없어요 물,8
그러지 않고,8
없어요 미국,8
더이상 여기서,8
없어요 범인을,8
업데이트될 때마다,8
티를 내,8
모든 전쟁,8
없어요 비밀,8
없어요 사건,8
그러지 않는게,8
없어요 사람을,8
없어요 사람이,8
그러니까 너는 나를 찾아야지,8
없어요 사실은,8
그러지 않도록,8
없어요 술,8
티리온 라니스터요,8
더한 것도 봤어,8
업무 평가,8
더할 나위 없는,8
업무를 할,8
없어요 안녕히,8
없어요 알,8
없어요 알겠죠,8
덕망 높은,8
덕분에 겨우,8
없어요 애,8
그러지 않았으니까,8
없어요 얘기,8
거예요 예를 들면,8
제 어머니예요,8
없어요 어디에,8
없어요 어머니가,8
없어요 어머니,8
없어요 어젯밤에,8
덕분에 너무,8
나만 그런 줄,8
없어요 없다고요,8
제가 옆에서,8
제가 오래,8
그러지 않으려고,8
덕분에 돈,8
없어요 예전,8
없거든 그럼,8
제가 온 겁니다,8
덕분에 모든 게,8
덕분에 산,8
없어요 우리한테,8
없어요 우선,8
그러지 않을 거란,8
덕분에 새,8
설마 당신,8
없어요 이건 내,8
거예요 오빠,8
없어요 이름이,8
설마 무슨,8
그러지 않을까,8
덕분에 여기까지 왔어요,8
없어요 있어요,8
거예요 옷,8
없어요 잘못,8
그러지 하지만,8
팀 그리고,8
없어요 전 그냥,8
그러지만 않았어도,8
없어요 정신,8
없어요 조금,8
그러진 않았어,8
덕분이라는 걸,8
그러진 않았을,8
없어요 지금 이,8
덕에 겨우,8
덕에 나도,8
덕분인 줄,8
거예요 왜 그래,8
그러진 않을 걸,8
덕에 다들,8
없어요 첫,8
그러하지 않을,8
덕에 먹고,8
그러하지 않을 것이다,8
없어요 클레어,8
그러한 이유로,8
가졌을 거야,8
그럭저럭 괜찮아,8
모든 직원,8
없어요 피해자의,8
덕에 여기까지,8
없어요 하지만 내가,8
없어요 한 시간,8
없어요 할 수 있어요,8
덕을 톡톡히,8
그런 가능성을,8
던 것,8
없어진 것을,8
없어진 물건은,8
없어진 줄도,8
가졌을 땐,8
제가 자꾸,8
더 유능한,8
제가 이번에,8
없었겠죠 그래서,8
없었겠지 내가,8
없었고 근데,8
던져 준,8
던져 줄,8
그런 거 같더라,8
던져버리기 전에,8
없었기 때문이에요,8
없었기 때문입니다,8
없었나 보군요,8
던져야 한다,8
없었는데 그냥,8
없겠지 그래도,8
그런 거 같진,8
없었다 그가,8
없었다 그녀는,8
없었다 그녀가,8
던지는 것도,8
던지는 법을,8
그런 거 때문에,8
없었다 저,8
던지지 말라고,8
없었다면 넌,8
없었다면 우리가,8
제가 전적으로,8
없었던 건가요,8
던피 타워,8
없었던 것이,8
없었던 일로 하자,8
제가 제안한,8
없고 그걸,8
제가 조금만,8
없었어 같이,8
덜 외로울,8
없었어 결국,8
없었어 그들이,8
없었어 그땐,8
덜덜 떠는,8
제가 좀더,8
없었어 너도,8
그러니까 만약에,8
거예요 의원님,8
없었어 당신도,8
제가 주의를,8
덜컥 연다,8
없었어 어디,8
그런 거 아니죠,8
없었어 어쨌든,8
없었어 어쩔 수가,8
모든 피가,8
덤비는 거야,8
덤비라고 해,8
덤빌 거야,8
없었어 하지만 넌,8
없었어 할,8
덧붙일 말씀,8
덩 경위님,8
없었어요 그때,8
없었어요 그래요,8
없었어요 그저,8
없었어요 나도,8
없었어요 네가,8
그런 거 없어 그냥,8
그러니까 말이죠,8
없었어요 당연히,8
그런 거 없잖아,8
더 이상 나와,8
없었어요 안,8
제가 집에서,8
없었어요 어제,8
덫에 갇힌,8
덫 설치,8
그런 거 좋아하는,8
거예요 이곳은,8
없었어요 적어도,8
게 아니야 안,8
덫을 놓을,8
그런 거 하기,8
그런 거 하나도,8
그런 거 하지 마,8
없었으면 좋겠어요,8
덮을 순,8
없었을 거야 네가,8
없고 이게,8
없었잖아 이건,8
없었죠 나도,8
없었죠 네,8
그런 거라니까,8
없었죠 저는,8
게 아니야 왜,8
그런 거란,8
없었지 그래,8
데 겨우,8
데 그 돈을,8
없고 이젠,8
그런 거래를,8
없었지 어떤,8
모든것에 대해,8
제가 폐하의,8
나머지 부분에서,8
모든것을 다,8
그런 거야 그게,8
없으니 그런,8
없으니 네가,8
데 도가,8
없으니 다른,8
모든게 계획대로,8
없으니 당신이,8
그런 거야 나는,8
데 도움을 줄 수,8
거예요 이제는,8
데 도움이 되겠죠,8
없으니 어쩔 수,8
없으니 어쩔,8
그런 거야 널,8
데 도움이 된다,8
데 도움이 될 것이다,8
없고요 그래서,8
나를 멈추게,8
그런 거야 하지만,8
모든게 끝날,8
없으니까 난 플래시예요,8
없으니까 난 플래시예요 플래시,8
데 도움이 안,8
없고요 무슨,8
없고요 왜,8
나머지 사람들도,8
없으니까 당신이,8
없고요 이제,8
데 동의했잖아,8
없으니까 무슨,8
없으니까 아무도,8
없으니까 우리가,8
없으니까 이렇게,8
없으니까 지금,8
데 리온에,8
모든게 시작된,8
게 아니야 이런,8
없으니까요 난,8
없으니까요 이제,8
데 며칠,8
그런 거지 같은,8
그런 거지 뭐,8
없으면 모든,8
제가 한잔 사도,8
제가 한잔 사도 될까요,8
그런 거짓말을 했어,8
없으면 어떡해요,8
그런 걱정 하지 마,8
없으면 제,8
없으면 좋겠네,8
팁을 좀,8
거예요 자넨,8
없을 거 같네요,8
더 이상 보지,8
데 써요,8
없을 거라고 했잖아,8
없군요 그,8
없을 거라며,8
없을 거야 그는,8
없을 거야 그러니,8
그런 건 다른,8
없을 거야 너,8
없을 거야 네가,8
없을 거야 다른,8
데 아무,8
그런 건 몰라도,8
없을 거야 우린,8
그런 건 몰라,8
데 앉으세요,8
그런 건 몰라요,8
없을 거야 저,8
거예요 잘 가요,8
없을 거예요 내,8
모르게 그런,8
데 얼마나 걸리지,8
그런 건 상관 없어,8
없을 겁니다 내가,8
없긴 뭐가,8
데 엄청,8
그런 건 생각도,8
데 없다,8
데 없으세요,8
모르게 이,8
없을 게,8
없군 무슨,8
데 왜 이렇게 오래,8
데 의미가,8
없을 때요,8
데 이렇게,8
그런 건 아니다,8
게 아니어야 할 텐데,8
데 익숙한,8
없을 줄 알았지,8
없을 테고요,8
데 있었어,8
거예요 재밌는,8
그런 건 아닌 것,8
모르게 해야 해,8
없을 테지,8
없을거야 우리가,8
거예요 저 사람,8
그런 건 아무래도 좋아,8
거예요 저 사람은,8
더 이상 알고,8
더 이상 어린애가 아니야,8
없이 거짓말을,8
그러니까 실제로,8
없이 그는,8
없이 그래,8
없이 그랬던,8
없이 깔끔하게,8
거예요 저들은,8
데 하나,8
그런 건 정말,8
데 혼자,8
없이 누굴,8
제거해야 돼,8
거예요 저렇게,8
데가 더,8
없이 당신이,8
없이 돌아가는,8
없이 떠나려고,8
데가 어디 있어,8
없네 미안해,8
거예요 저에게,8
없이 말을,8
데가 없네,8
그런 건 처음이었어요,8
데가 없다고,8
없이 매일,8
없이 몰래,8
없이 빨리,8
없이 사라졌다고,8
없이 사라지고,8
데가 있나요,8
없이 살아남을,8
없이 살아야,8
없이 살지,8
없이 얻을,8
데나 막,8
제게 부여된,8
나머지는 이,8
없이 원하는 만큼,8
더 이상 인간이,8
더 이상 일을,8
없이 일하고,8
없이 있고,8
데는 없니,8
그런 걸 생각할,8
없이 작전을,8
데는 이유가 있다,8
없이 죽고,8
없네 오늘,8
거예요 절대로요,8
없네요 다른,8
거예요 젊은,8
그런 걸 원하는,8
그런 걸 원해,8
제게 화를,8
없이는 살 수 없어요,8
없이는 아무것도 안,8
데도 안 가 이,8
제 일행이에요,8
없이는 평화도,8
없이도 잘만,8
데도 있고,8
게 아니었어요 그,8
제공하는 게,8
그런 것 같니,8
없인 안 가,8
없인 안돼,8
모르겠네요 아직,8
그런 것 같더군요,8
없잖아 그럴,8
없잖아 너도,8
없잖아 너희,8
없잖아 당신은,8
그런 것 같아 난,8
가서 어떻게 된,8
없잖아 당연히,8
그런 것 같아 내,8
설치하는 걸,8
없잖아 두,8
없잖아 만약,8
없잖아 뭐가,8
데려 갈까요,8
없잖아 앞으로,8
거예요 제길,8
없잖아 어서,8
데려 올거야,8
없잖아 엄마,8
없잖아 왜 그래,8
데려가 가,8
없잖아 이게,8
데려가 그리고,8
없잖아 이봐,8
없잖아 저기,8
데려가 라,8
없잖아 젠장,8
데려가 안 돼,8
없잖아요 그런,8
데려가 주면,8
데려가 주마,8
데려가 주실,8
데려가 준대,8
거예요 조심해,8
그런 것과는,8
없잖아요 우린,8
없잖아요 이젠,8
없잖아요 저는,8
없잖아요 정말,8
그런 것도 아니다,8
없죠 계속,8
데려가고 싶다,8
데려가고 싶으면,8
그런 것도 있고,8
모르겠는데 우린,8
그런 것도 있지만,8
제다에 오신 걸,8
없죠 넌,8
없죠 당신의,8
밤의 경비대,8
없죠 물론,8
데려가려고 왔다,8
더 이상은 아니지,8
없죠 오,8
그런 것뿐이에요,8
데려가면 돼,8
없죠 잠깐,8
파란 옷을 입혔지,8
데려가서 그,8
없지 결코 얻을 수,8
없지 결코 얻을,8
게 아니에요 난 그냥,8
없지 그가,8
없지 그럴,8
없지 그렇죠,8
없지 너희,8
데려가지 않았다,8
없지 다시,8
없지 다들,8
데려가지 않을 거야,8
없지 모든,8
데려간 걸,8
데려간 것 같아요,8
데려간 남자는,8
그런 게 아니라 그냥,8
그런 게 아니라는,8
거예요 지금 이,8
없지 여긴,8
없지 오,8
제대로 받아,8
데려갈 때까지,8
데려갈 만한,8
없지 자네가,8
그런 게 아니면,8
없지 좋아요,8
거예요 지난번,8
없지만 그가,8
제대로 사고,8
없는 것도 아니고,8
그러니까 음,8
데려갔을 거예요,8
데려갔을 테니까,8
없지만 분명히,8
없지만 아무튼,8
제대로 싸워,8
데려다 주겠다고,8
없지만 이걸,8
데려다 주겠소,8
거예요 진정해요,8
데려다 주기,8
데려다 주러,8
없는 것이었다,8
없지만 하지만 나는,8
거예요 진짜로,8
없지만 항상,8
엉덩이 냄새가,8
엉덩이 다,8
엉덩이 들고,8
엉덩이 만지는 걸,8
엉덩이 사이에,8
엉덩이 조심해,8
데려다 줄 수 있어요,8
엉덩이를 가진,8
엉덩이를 걷어차고,8
그런 게 있을 리가,8
데려다 줄수,8
섭정 왕후 전하,8
엉덩이를 다시,8
엉덩이를 보고,8
데려다 줬으면,8
그런 게 좋아,8
엉덩이를 흔들어요,8
그런 게임은,8
데려다준 거야,8
그런 게임을,8
엉뚱한 생각,8
데려다줄 수 있어요,8
엉뚱한 음악,8
엉망 됐어,8
엉망으로 만들었다,8
엉망으로 만들었지,8
거예요 착한,8
데려오고 싶었어,8
제대로 하는 게 없어,8
엉망이 되어,8
그런 경우엔,8
게 아니에요 저도,8
엉망진창이 됐어,8
거예요 책을,8
엉망진창이 된,8
엉클 머스의,8
그런 고민,8
엎드리자 준비,8
그런 고생을,8
에 가까운,8
데려오면 어떡해,8
에 관심이,8
데려오지 못하면,8
데려온 거잖아요,8
제 정치적,8
제대로 했네요,8
데려온 겁니다,8
에 대해 알,8
에 대해 아는 것이,8
에 등록되어 있다,8
데려온 사람들은,8
그런 광경을,8
에 무슨 일이,8
모르겠어 미안,8
에 신고,8
데려온 적,8
에 신고한,8
에 연락해,8
그런 그를,8
에 있을 때,8
데려올 수 있다고,8
데려올 수 있다면,8
없는 놈을,8
에그 베네딕트,8
제리 씨,8
데려올게요 그,8
에너지 분야,8
에너지 펄스가,8
그런 기분이 들어요,8
데려와 달라고,8
그러니까 저리,8
에너지를 공급하고,8
에니스 스투시,8
에단 헌트는,8
데려와 잘,8
에드 첸이,8
에드 오빠,8
에드가 케이시,8
에드거 리드,8
게 아니잖아 난,8
에드거 앨런 포,8
에드먼드 리드는,8
제발 가라고,8
데려와 줘서 고마워요,8
데려와도 돼요,8
데려와라 네,8
제발 걱정,8
없는 땅,8
에드와 로레인,8
에든버러 공작의,8
에디 달,8
데려왔어 내가,8
에디랑 같이,8
에르마노스에 잘 오셨습니다,8
에르마노스에 잘,8
에리카의 목숨을,8
그런 날이 오면,8
데로 가면,8
에릭 네가,8
제발 그렇게 부르지,8
에릭 오배넌은,8
데로 돌리는,8
네 검사,8
데로 돌리려고,8
그런 남자가 되고,8
데로 모실게요,8
없는 밤,8
그런 남자라면,8
거예요 평범한,8
에밀리 오늘,8
데를 왜,8
데리고 가거라,8
모르겠어 집에,8
없는 방에,8
에밀리오 삼촌,8
그런 내게,8
에밀리오 씨,8
에번스 씨,8
데리고 갈 거예요,8
제발 내버려,8
그런 노력을,8
모르겠어요 그는,8
에스더 이,8
에스더 할머니,8
거예요 필립,8
에스코트 서비스를,8
그런 놈들과,8
모르겠어요 그런데,8
에어 포스베이스,8
모르겠어요 그렇게,8
에어버스 시뮬레이션,8
에어컨 바람,8
에어컨이 고장,8
그런 놈이랑,8
데리고 나갈거야,8
에이 진짜,8
에이드리언과 사진,8
에이미 내가,8
에이미 안녕,8
에이바 크라우더,8
데리고 나올 수,8
데리고 나와요,8
데리고 다녀야,8
데리고 다니고,8
거예요 하지만 다른,8
데리고 다니면서,8
제발 머리,8
에이하브 웨이브 반응,8
에인션트 원은,8
에인션트 원을,8
에인션트 원처럼,8
에코 원이,8
데리고 뭐,8
엑소시스트 지난,8
엑소시스트 지난 이야기,8
데리고 어떻게,8
그런 능력,8
그런 능력이 있는,8
엔리코 단돌로,8
거예요 한 가지,8
데리고 올 때,8
그런 다음 우리는,8
없는 살림에,8
데리고 와야지,8
엔진 작동,8
데리고 왔네,8
그런 다음엔요,8
엔진 추진력을 잃고,8
엔진 추진력을 잃고 있다,8
엔진 출력,8
엔진 추진력을 잃었다 라과디아로,8
데리고 왔을 때,8
데리고 왔죠,8
나밖에 없으니까 난,8
데리고 우리,8
데리고 있겠다고,8
나밖에 없으니까 난 플래시예요,8
없는 상황이었어요,8
엔진을 잃었나,8
엔진이 고장,8
파크 챈서리,8
엔진점화장치 가동,8
엘 마즈리,8
데리고 있어 그리고,8
엘 프사이,8
엘드리치 팔머를,8
엘런 예거,8
엘런 예거를,8
없는 소리야,8
거예요 행운을 빌어요,8
엘론 머스크,8
그러니까 총,8
없는 시간을,8
제발 열어줘,8
데리러 가다,8
그런 도움은,8
그런 돈 없어,8
모든 꿈,8
엘리베이터 타는,8
데리러 가야지,8
데리러 가죠,8
엘리아 씨의,8
제발 이 연설 좀,8
엘리엇 씨,8
엘리자베스 킨과,8
데리러 공항에,8
그런 뜻 아냐,8
데리러 오라고 해,8
엘립시스 슈미어'',8
거예요 회의,8
그런 뜻으로 말한 게,8
그런 뜻으로 한 말이,8
데리러 와야,8
제발 자리에,8
거요 가자,8
데리러 왔는데요,8
여기 가끔,8
데릭 지터,8
데만 관심이,8
거요 계속,8
여기 갖고,8
여기 경찰들은,8
데보라 있나요,8
여기 계세요 제가,8
데뷔할 수,8
그런 뜻이지,8
여기 계셨던,8
여기 계셨어,8
데비 랄,8
데비랑 칼은,8
데서 다,8
데서 사는,8
데서 살고,8
여기 계실 줄,8
여기 계십니다,8
데서 자,8
데서 할,8
여기 규칙은,8
여기 규칙을,8
데우고 있어,8
제발 하느님,8
데우기만 하면,8
여기 끌고,8
거요 그래야,8
파트너와 춤을,8
여기 나가서,8
제발 하지마요,8
여기 나쁜,8
여기 나타나다니,8
그런 말 쓰지 마,8
파티 가지,8
여기 남아있어,8
여기 남을 수,8
여기 남은 건,8
없는 저,8
데이브 내가,8
데이브 슐츠,8
제발요 넌,8
여기 너무 좋아,8
여기 너와,8
제발요 우리,8
데이비드 내가,8
여기 누구 없어,8
데이비드 리,8
거요 그렇죠,8
여기 누워있는,8
여기 느낌이,8
여기 다 있네,8
여기 다녀,8
그런 말 하지 마라,8
데이비드 크롤리,8
없는 짓,8
여기 더 있다간,8
그런 말 하지도,8
여기 더는,8
그런 말 하지도 마,8
없는 증거를,8
데이비드 테이트가,8
여기 데려온 거죠,8
거요 나한테,8
여기 데려와야,8
데이비스 같아요,8
그런 말 할 필요,8
데이비스 앤 메인의,8
없는 자들은,8
데이비스 집안일을,8
여기 두고 가면 안,8
데이비스 집안일을 감당하기 벅차십니까,8
데이비스 집안일을 감당하기,8
그런 말까지,8
데이빗 굿바디,8
여기 두는 게,8
데이빗 데이빗,8
모르겠지만 좋은,8
데이빗 보위,8
거요 너무,8
데이지 존슨,8
여기 들어오기 전에,8
여기 들어오지,8
그런 말씀 하지 마세요,8
여기 떠나는,8
모르겠지만 확실한,8
여기 또 하나,8
그런 말씀을 하십니까,8
데이터 파일을,8
데이터가 잘못된,8
데이터가 잘못된 겁니다,8
거요 당신들,8
여기 머물렀으면,8
성명 발표를,8
없는것 같네요,8
여기 멋지다,8
여기 몇 년,8
제안 하나 할게요,8
여기 못 있어요,8
거요 더,8
데이터베이스 검색,8
그런 말은 하는,8
여기 문제가 생겼어,8
그런 말은 하면 안,8
여기 묻혀,8
거예요 뭐 좀,8
여기 물은 거기서,8
그런 말은 한 적,8
여기 뭔가 있다,8
여기 뭔가 있을 거야,8
여기 미국,8
여기 바닥에,8
데이트 사이트에,8
여기 방금,8
여기 버려진,8
거요 모두,8
여기 보관하고,8
데이트 신청을 했어요,8
여기 볼일이,8
데이트 신청하는 거야,8
여기 봐주세요,8
그런 말을 하는지,8
여기 붙잡아 둘,8
데이트 아니야,8
여기 뿌려 달라더라,8
여기 뿌려,8
거요 미안해요,8
여기 사는 사람들,8
그런 말을 한 건,8
여기 사람들 중에서,8
여기 사람들도,8
여기 사람들은 그렇게,8
데이트 중에,8
여기 사람이야,8
여기 사인하세요,8
데이트 하자고,8
여기 살 수,8
데이트 한번,8
여기 생활,8
여기 생활이,8
여기 생활은,8
데이트는 무슨,8
성모 마리아시여,8
데이트는 어땠어요,8
여기 서 있지,8
여기 서명하시면,8
그런 말이 아냐,8
여기 서명해주세요,8
데이트를 해,8
데이트를 했어요,8
그런 말이 있잖아요,8
여기 시체가 있어,8
거요 알겠습니다,8
데이트하고 싶으면,8
그런 말이 있지,8
그러다 보니까,8
여기 아는 사람,8
여기 아니야,8
거요 알았어요,8
데이트한 적이,8
여기 아저씨,8
거요 어디,8
여기 안 와요,8
데이팅 앱을,8
여기 안 있어도,8
나를 본다 나를 본다,8
그런 면도,8
거요 얼마나,8
여기 앉아 있었어,8
그런 메시지를,8
거요 여기서,8
없는데요 여기,8
여기 앉아도 될까요,8
여기 앉아야,8
여기 앉으면 안,8
그런 명령은,8
희생할 순,8
여기 앉을게요,8
더 재미있을 거야,8
더 재미있는 게,8
그런 명예를,8
없는지 확실히,8
데프 제약의,8
그러다 모든,8
거예요 미래를 바꾸기,8
여기 어딘가에 있는,8
덱스터 이,8
제의는 고맙지만,8
덴 관심,8
여기 어쩐 일이세요,8
여기 언제부터,8
게 안타까워요,8
덴 줄,8
여기 없거든,8
덴버로 가는 길에,8
거예요 미리,8
그런 몹쓸,8
덴턴 경위의,8
덴턴 경위입니다,8
덴턴 씨,8
여기 없어 여기,8
제 형제를,8
모르는 것 같네요,8
여기 없을거야,8
그런 문제가 아니라,8
델레 세야를,8
여기 오게 됐어요,8
나빠질까 봐,8
델타 수면,8
여기 오기 전에는,8
그런 미친 짓을,8
제이슨 같은,8
제이스 웨이랜드,8
여기 오는걸,8
여기 오늘,8
여기 오면 안 되는,8
도 못,8
여기 오면 안 되는데,8
여기 오시면 안 돼요,8
여기 오신 김에,8
여기 오신 건,8
여기 오지 말고,8
여기 오지 않았어,8
여기 오지 않았을,8
그런 배짱이,8
여기 온 거고,8
모르는 게 아주,8
도 있죠,8
그런 법을,8
제이크 내가,8
도가 아니라,8
그런 변명,8
도가 지나쳤다,8
여기 온 유일한 이유는,8
여기 온 이유가 뭐야,8
그런 부류가,8
여기 온겁니다,8
여기 온게 아니야,8
여기 온종일,8
여기 온지도,8
여기 올 거예요,8
도깨비 같은,8
여기 올 줄 알았어,8
도끼 들고,8
여기 올라올,8
여기 와 봤어,8
여기 와봤어,8
여기 와봤어요,8
여기 와봐,8
여기 와서 나한테,8
여기 와서 내게,8
도난 신고된,8
여기 와서 책을,8
거울 보면서,8
도내저 호를,8
그런 비극이,8
여기 왔다가,8
도널드 트럼프는,8
나쁘게 말하는,8
여기 왔던 거,8
도넛 가게에,8
도넛 가게에서,8
나를 부를,8
도넛 한,8
그런 사람 몰라,8
여기 왔을까요,8
도는 걸,8
여기 왜 왔죠,8
도니 도니,8
여기 웬일이냐,8
여기 위로,8
여기 이 사람이,8
여기 이 작은,8
도달한 것,8
여기 이사 온,8
그런 사람들의,8
여기 있게 해줘서,8
그런 사람은 없었어요,8
여기 있구요,8
여기 있네 내,8
여기 있는 거니까,8
제일 웃긴,8
여기 있는 걸 알면,8
도대체 당신은 누구,8
도대체 당신이,8
도대체 당신은 누구 요,8
도대체 몇 번이나,8
그런 사람이 아니었어,8
여기 있는 게 나아,8
여기 있는 게 안전해,8
여기 있는 게 좋아,8
여기 있는 그의,8
없다 코너,8
도대체 무슨 일을,8
여기 있는 사람 모두,8
여기 있는 사람들 모두,8
여기 있는 애들은,8
그런 사람이라는 것을,8
여기 있는 이유죠,8
도대체 무슨일이야,8
도대체 문제가 뭐야,8
여기 있는지는,8
여기 있다고 들었어요,8
여기 있다고 해서,8
그런 사람입니다,8
여기 있다는 걸 알아,8
파파고 번역 넌,8
거의 그것을,8
여기 있던 거야,8
거의 그래요,8
도대체 뭔 짓을,8
거의 그랬다,8
여기 있어 그게,8
도대체 뭘 한,8
도대체 뭘까요,8
여기 있어 나도,8
게 어떤 건지도,8
더 조심했어야,8
도대체 생각이,8
여기 있어 당신,8
도대체 어디 갔었어,8
거의 그를,8
도대체 어디로 간,8
그런 삶이,8
여기 있어 움직이지,8
그 시간들,8
도대체 어딨는,8
여기 있어 잘,8
여기 있어 줘,8
모르는 일이고,8
도대체 어떻게 된 거지,8
여기 있어요 그,8
여기 있어요 난,8
그런 상황이에요,8
여기 있어요 제가,8
성취 할,8
도대체 왜 그렇게,8
여기 있었,8
도대체 왜 날,8
도대체 왜 내가,8
여기 있었군요 많이,8
도대체 왜들,8
그런 생각 말아요,8
여기 있었단 걸,8
여기 있었던 거,8
여기 있었던 게,8
도대체 이게 다,8
도대체 이유가,8
그런 생각 한 적,8
여기 있으면 안 되잖아,8
여기 있으면 안 됩니다,8
없다고 생각하는데,8
여기 있을 거,8
여기 있을 거지,8
모르는 척하는 거야,8
게 어떻겠냐고,8
도둑이 아니라,8
거의 눈에,8
그런 생각은 하지 마,8
여기 있을거라고,8
없다고 저,8
거의 다 끝났다,8
없다고 주장하는,8
그런 생각을 하면서,8
제임스 브로드가,8
도로 내놔,8
거의 다 나왔어요,8
도로 봉쇄를 해제 바랍니다,8
도로 봉쇄를 해제,8
도로 여행을,8
도로 위의,8
게 어렵다는,8
여기 정리하고,8
도로 폐쇄,8
그런 생각이 드는,8
도로를 따라,8
모르니 계속,8
도로의 소음,8
그런 생각이 들더라고,8
여기 주인은,8
그런 생각이 안,8
여기 주차하시면,8
도리가 없네,8
그런 생각이면,8
도리가 없다고요,8
여기 중요한,8
도리가 없었어요,8
여기 쭉,8
여기 차에,8
도망 가고,8
도망 갔다,8
여기 책임자야,8
도망 다니면서,8
여기 총이,8
여기 출신이야,8
그런 세상을,8
도망 못 가게 해,8
그런 세상이,8
거의 다 떨어졌어,8
그런 세세한,8
그런 셈,8
여기 특별한,8
도망가 어서,8
여기 할,8
도망가게 놔둘,8
여기 호텔,8
여기 혼자 있으면,8
게 언제였나요,8
여기가 가장 안전한,8
여기가 그들의,8
여기가 내 자리야,8
도망가려는 거야,8
그런 소리 하는,8
여기가 네 방이야,8
도망가지 말고,8
여기가 더 안전해,8
그런 소리를 하는,8
그런 소릴 하다니,8
여기가 안전해요,8
그런 소릴 해요,8
거의 다 왔어 이제,8
그런 소문,8
여기가 어딘데,8
여기가 어딘지 모르겠어요,8
도망갈 줄,8
여기가 오수 씨,8
도망갔을 때,8
여기가 잘,8
거의 다 왔지,8
거의 다 잡았는데,8
여기가 침실이에요,8
그런 슬픈,8
여기까지 무슨,8
여기까지 부른,8
여기까지 오게 한,8
여기까지 오고,8
도망쳐야 하는,8
제프가 내,8
제프리 미치너,8
더 좋은 소식이,8
여기까지 와야,8
여기까지 와줘서 고마워,8
도망치게 두지,8
여기까지 왔단,8
그런 식으로 말하지 마세요,8
도망치는 거죠,8
제혁이 형,8
나쁜 곳이,8
도망치는 게 좋을걸,8
그런 식으로 보지,8
모르잖아 넌,8
모르잖아 네,8
여기는 그런,8
여기는 다른,8
판카실라 청년,8
도망치려 했지만,8
모르잖아 무슨,8
거의 똑같아요,8
세 군데서,8
여기는 미,8
여기는 미 해군,8
여기는 벌처,8
여기는 범죄,8
도망치면 안 돼,8
여기는 세이버호크,8
없다는 게 말이,8
여기는 어떻게 알고,8
거의 똑같이,8
여기는 연방 우주선 선저우다,8
여기는 연방 우주선,8
도망친 것 같아,8
여기는 제가,8
여기는 카오스,8
여기는 카오스 식스,8
더 좋을 것 같은데,8
여기도 없네,8
여기로 가,8
젠장 맞아,8
도망칠 수 없어요,8
여기로 던져,8
도망칠 수가 없어,8
도망칠 수도 있어,8
여기로 데려와요,8
도망칠 순 없어요,8
도망칠 시간을,8
여기로 데리고 온,8
그런 아이디어를,8
그런 아이를,8
도망칠 필요가,8
그런 악몽을,8
그런 애가 아니야,8
여기로 보냈다고,8
그런 애가 아니에요,8
여기로 보냈지,8
여기로 부른 이유가,8
여기로 불러서,8
도미니카 공화국에,8
그런 애매한,8
그런 약,8
더 좋지 않을까요,8
그런 약이,8
여기를 다,8
도사리고 있는,8
없다면 널,8
여기를 떠나요,8
그런 얘기 하려고,8
여기를 뜰,8
그런 얘기 하면,8
여기를 벗어나야 해,8
거의 믿을,8
팔 올리고,8
도서관 카드,8
여기를 이렇게,8
그런 얘기 한적,8
도승지 신수근의,8
여기부턴 내가,8
더 주셔야,8
그런 얘기까지,8
거의 밤을,8
도시 밖,8
도시 밖에,8
여기서 공짜로,8
모든 부모가,8
도시 사람들을,8
여기서 그녀는,8
그런 얘기로,8
여기서 기다려 내가,8
도시 이야기'',8
도시 인구를,8
없단 건가요,8
거의 볼,8
여기서 길이,8
도시 절반이,8
거의 불가능에,8
그런 얘기하는,8
도시 한복판에서,8
없단 뜻이야,8
여기서 꼼짝도,8
여기서 끌고,8
여기서 끔찍한,8
도시는 내가,8
도시는 우리,8
여기서 끝난 것 같다,8
도시는 절대 가라앉지 않아,8
도시는 절대 가라앉지,8
여기서 끝이에요,8
도시락을 싸,8
여기서 나가기 전에,8
여기서 나가기만 하면,8
도시를 구한,8
여기서 나가는 걸,8
그런 얼굴 하지 마,8
도시를 다시,8
여기서 나가라구,8
도시를 더,8
도시를 떠났고,8
그런 엄마가,8
도시를 망쳤어,8
거의 새,8
여기서 나가야해요,8
여기서 나가자구,8
그런 여자가 아니야,8
여기서 나갈 거예요,8
여기서 나갈 때,8
도시를 잘,8
여기서 나고,8
여기서 나는 생각했다,8
여기서 나와 함께,8
도시에 관한,8
여기서 내 보내,8
거의 섹스,8
조 달러를,8
여기서 내려야,8
더 중요하거든,8
그런 여자와,8
조 당신,8
그런 역할을,8
여기서 놀아,8
그런 영광을,8
여기서 담배 피우면,8
도어 버즈,8
여기서 대기하고,8
여기서 더 이상,8
여기서 더는,8
그런 옷은,8
조 샌드위치 먹을 거야,8
도연 조부,8
여기서 둘이,8
가져 오십시오,8
여기서 떠들고,8
조 왜,8
없고 아직,8
도와 드리려고 하고,8
도와 드리려고 하고 있어요,8
없던 듯이,8
여기서 만나니,8
조각 갖다,8
여기서 매일,8
모르지 이게,8
모르지 이런,8
도와 준,8
여기서 멈출 수,8
여기서 못 나가면,8
도와 줄수,8
모르지 지금,8
도와달라고 하세요,8
없든 난,8
여기서 뭐 하는 거에요,8
그런 의사,8
여기서 뭐 하는 건데,8
여기서 뭐 하려고,8
여기서 뭐 하십니까,8
그런 이름 몰라요,8
여기서 뭐 했어,8
도와드려야 할지,8
여기서 뭐하고 있지,8
여기서 뭐하냐고,8
여기서 뭐하는거니,8
도와드리면 되죠,8
도와드리려는 거예요,8
여기서 뭐하지,8
그런 이야긴,8
거의 없어서요,8
여기서 뭘 하는 건지,8
여기서 뭘 할,8
도와드릴 수가 없네요,8
여기서 바다를,8
여기서 바다를 건넙니다,8
여기서 배울,8
도와드릴 테니,8
여기서 벗어나면,8
도와서 이,8
그런 일 겪게,8
여기서 뵙게,8
도와주겠다는 거야,8
도와주겠다고 했어요,8
조건을 말해,8
도와주고 싶다면,8
여기서 빠져나가려면,8
거의 없으니까요,8
그런 일 없습니다,8
여기서 빠져나가요,8
여기서 빨리 나가야,8
도와주고 있었어요,8
그러면 너희,8
여기서 새로,8
거의 완벽하게,8
여기서 소리가,8
여기서 술을,8
도와주는 것,8
여기서 시간을 많이,8
여기서 식사를,8
도와주는 사람은,8
조금 과하다,8
여기서 안 나가,8
여기서 안전하지,8
더 지껄여봐,8
여기서 얘기하는 거야,8
없습니다 그를,8
여기서 얼마,8
조금 놀란,8
여기서 온종일,8
도와주려는 건데,8
여기서 이러고 있을,8
그런 일은 없을 거요,8
여기서 이러지 말자,8
그런 일은 없을 것,8
도와주면 내,8
네 뇌의,8
여기서 일단,8
없습니다 너,8
모르지만 혹시,8
여기서 일하는 건,8
더 직접적으로,8
여기서 일하잖아,8
그런 일은 절대로,8
도와주세요 그럼,8
팔리는 게,8
여기서 일해야,8
그런 일은 한,8
거의 전,8
더 직접적인,8
도와주세요 당신이,8
여기서 있었던 일,8
도와주세요 살려 주세요,8
도와주세요 안,8
도와주세요 어디,8
도와주세요 어떻게,8
그런 일을 겪었는데,8
도와주세요 우리,8
그런 일을 겪었으니,8
여기서 잠깐만 기다려,8
그런 일을 당하면,8
여기서 저기로,8
그런 일을 당할,8
여기서 절,8
도와주셨으면 해요,8
여기서 제일 좋은,8
여기서 조금만 더,8
가족들을 위한,8
여기서 주무시면 안,8
그런 일을 하고,8
여기서 죽긴,8
여기서 죽는다고,8
여기서 죽든가,8
여기서 죽도록,8
여기서 죽을 수도,8
도와주지 못해,8
거의 죽을 뻔 했어요,8
여기서 지내기로,8
없습니다 아뇨,8
여기서 지내라고,8
여기서 지내야,8
조금 이상하다고,8
여기서 첫,8
도와준 것처럼,8
도와준 적,8
그런 일이 없기를,8
여기서 하려고,8
여기서 하면 돼요,8
여기서 한 시간,8
여기서 할 거야,8
그런 일이 없었으면,8
나쁜 사람이란,8
그런 일이 없을 겁니다,8
여기서 항상,8
여기서 했던,8
그런 일이 일어나게 놔둘,8
도와줄 건가요,8
더 창의적인,8
도와줄 걸,8
여기서도 할 수 있어,8
그런 일이 일어나도록 내버려,8
여기서부터 우리가 맡을게,8
도와줄 사람이 필요해,8
여기선 말고요,8
거의 토할,8
여기선 모두,8
조금도 신경,8
도와줄 수 있겠니,8
도와줄 수 있겠어요,8
여기선 우리가,8
거의 평생,8
그런 일이 있었군요,8
여기선 항상,8
여기야 바로,8
여기야 우리,8
도와줄 수 있는데,8
여기에 꼭,8
그런 일이 있었으니,8
여기에 너무 오래,8
조금만 기다리면 돼,8
여기에 당신이,8
그런 일이야,8
여기에 돈을,8
여기에 돈,8
여기에 둬,8
여기에 머물고,8
여기에 모였습니다,8
도와줄 줄 알았어,8
여기에 사인해,8
도와줄 필요 없어,8
도와줄게 괜찮아,8
여기에 속하지 않아,8
내 갈 길을,8
여기에 아주,8
도와줄게 날,8
거의 확실합니다,8
더 충격적이야,8
도와줄게 우린,8
여기에 오려고,8
그런 적 없거든요,8
그런 적 없고,8
여기에 온 거지,8
여기에 온다,8
여기에 올 것이다,8
도와줄수 있어,8
여기에 왔고,8
여기에 왔는데,8
세계 대전 중에,8
도와줘 그게 내가,8
도와줘 그게 내가 가게,8
그런 적 없소,8
없애는 겁니다,8
여기에 있는 거죠,8
여기에 있니,8
여기에 있다는 걸,8
도와줘 부탁이야,8
거인에 대한,8
그런 적은 없었다,8
없애려는 거야,8
여기에 있을게,8
그런 적이 없어요,8
조금요 난,8
여기에 제가,8
도와줘 우린,8
거인을 이길 수,8
도와줘 이게,8
그런 전화,8
그런 전화가,8
여기에서 뭐 하는,8
여기엔 아무,8
여기요 그럼,8
나쁜 소식인가요,8
조깅을 하고,8
여기요 내가,8
여기요 됐어요,8
여기요 당신이,8
조나 라이언 의원,8
여기요 안녕하세요,8
더 컸을,8
여기인 것,8
여기일 거야,8
조나단 팽본,8
도와줘요 누가,8
도와줘요 맙소사,8
도와줘요 안,8
여기지 않아요,8
도와줘요 왜,8
여긴 거의,8
도와줘요 전,8
도와줘요 제가,8
여긴 꽃이 없는데,8
여긴 꽃이 없는데 그대밖에,8
거잖아 그거,8
도와줬어요 그,8
여긴 내 영역이야,8
조디악 킬러,8
여긴 내 집인데,8
여긴 내 집이야 썩,8
도와줬을 때,8
도와줬을 뿐이야,8
도왔던 것처럼,8
여긴 네 집이 아냐,8
도우려 했던,8
여긴 모든 게,8
도우려 했을,8
그런 질문을 하는,8
여긴 무슨 일로 왔어,8
도우려고 그런 거야,8
여긴 무슨 일인가,8
여긴 뭐 하는 곳이죠,8
도우려고 하는데,8
그런 짐을,8
도우려고 한 거야,8
여긴 버지니아 진 구조,8
여긴 버지니아 진,8
여긴 범죄 현장이야,8
도우려고 했지만,8
도우려는 거에요,8
도우려는 거죠,8
여긴 샌프란시스코,8
도우려던 거였어,8
도우려던 거예요,8
조막만 한,8
그런 짓 절대 안,8
도우면 될까요,8
여긴 안전할 거예요,8
여긴 알파,8
도운 것처럼,8
여긴 어떻게 오셨죠,8
여긴 어쩐 일이시죠,8
도울 거라,8
도울 거면,8
여긴 언제,8
없어 결코 얻을 수,8
패티 내가,8
그런 짓을 왜 해요,8
여긴 완벽한,8
여긴 완벽해,8
그런 짓을 저지른,8
그런 짓을 하게,8
도울 때,8
거잖아 다들,8
도울 방법이 없어,8
여긴 우리한테,8
도울 생각이,8
여긴 웬일이오,8
거잖아 더,8
그 씨앗을,8
도울 수 있고,8
조사 다,8
그런 짓을 한 건,8
여긴 존,8
여긴 좋은 곳이잖아요,8
거잖아 모든,8
여긴 지금,8
여긴 타워,8
거잖아 뭐가,8
여긴 학교예요,8
여긴 현실이야,8
그런 짓을 할까요,8
도울 수 있었다,8
여길 겁니다,8
여길 꽉,8
여길 나갈 때,8
거잖아 뭘,8
여길 더,8
여길 떠나는 게,8
조사 중이래요,8
여길 떠나세요,8
여길 떠나요,8
도울 수 있지만,8
그런 짓을 했다는 걸,8
도울 수도 있다고,8
거잖아 아니면,8
여길 떠야 돼,8
그런 짓을 했으니,8
도울 의무가,8
도울 이유가,8
그런 짓을 했지,8
도울 일은 없어,8
여길 벗어나자,8
여길 벗어나요,8
도울 일이 있나요,8
여길 빠져나가야 돼,8
여길 빠져나가자,8
여길 샅샅이,8
그런 차를,8
도울 필요,8
여길 온 거야,8
그런 책을,8
그런 척 하지,8
여길 지나갈,8
거잖아 엄마,8
조사를 좀 해봤죠,8
그런 척 할,8
여길까 봐,8
도움 되는 게,8
그런 척한,8
여깄는 줄,8
그런 천박한,8
그런 추잡한,8
여는 것도,8
여는 게 좋을 거야,8
조사를 했을,8
여덟 둘,8
여덟 마리,8
도움 안돼,8
조사에 협조해,8
여동생 집에,8
도움 필요없어,8
여러 가지 의미로,8
도움 필요하세요,8
거잖아 이미,8
그런 특별한,8
더 탈,8
도움도 받을,8
거잖아 자기,8
여러 나라를,8
도움도 안 된다고,8
여러 대의,8
조사하러 온,8
모빌슈트 부대,8
거잖아 제발,8
조사한 걸,8
여러 번 말했잖아,8
거잖아 좋아,8
도움은 되겠지만,8
여러 여자를,8
도움은 안 되겠지만,8
도움을 구하고,8
여러 차례의,8
세계에서 가장 높은,8
없어 그럼 이제,8
도움을 기다리는,8
여러분 고맙습니다,8
도움을 많이 받았어요,8
도움을 바라지,8
여러분 나,8
도움을 받고 있어요,8
도움을 받는 건,8
나쁜 짓 하고,8
여러분 덕에,8
여러분 또,8
도움을 받아야 할 것,8
여러분 모두의 도움이,8
여러분 무슨,8
여러분 반갑습니다,8
세계에서 제일 큰,8
그런 현상이,8
도움을 받을 수 있어요,8
거잖아요 그런데,8
여러분 여기서,8
여러분 여러분이,8
그런 호의를,8
여러분 와주셔서,8
도움을 요청하기,8
거잖아요 그렇지,8
여러분 자,8
여러분 자신을,8
여러분 잠시만,8
도움을 요청한다,8
여러분 저희는,8
없어 나는 그것을,8
여러분 제 이름은,8
여러분 조용히 해 주세요,8
도움을 요청했습니다,8
도움을 원하면,8
여러분 편이기를,8
여러분과 이,8
여러분들 앞에서,8
거잖아요 당신,8
여러분들을 위한,8
조심성 있는,8
거잖아요 당신이,8
도움을 청하기 위해,8
여러분은 오늘,8
없어 난 속일,8
그런거 몰라,8
여러분을 기다리고,8
도움을 청했고,8
도움을 청했을,8
여러분의 생각을,8
여러분의 인생을,8
나쁜 짓을 했다는,8
도움의 손길이 오고,8
그런거 전혀,8
조심해 날,8
없어 내 사랑을,8
없어 내 생각엔,8
도움이 됐는지,8
여론이 안,8
여름 가을,8
조심해 어서,8
여름 잘,8
조심해 알았어요,8
거잖아요 이제,8
없어 내가 도와줄게,8
여름을 보내곤,8
여름을 함께,8
여름이 끝나면,8
여보 또,8
여보 미안,8
없어 내가 있잖아,8
그런게 바로,8
여보 여기,8
여보 영감,8
도움이 되니까,8
도움이 되니까요,8
도움이 되던가요,8
여보세요 나,8
여보세요 난,8
여보세요 나예요,8
여보세요 무슨,8
여보세요 아뇨,8
여보세요 야,8
여보세요 오,8
여보세요 우리,8
여보세요 저기,8
그런다고 내,8
여부를 결정할,8
도움이 되지만,8
여부에 상관없이,8
여부와 상관없이,8
도움이 된다고 생각해,8
도움이 된다고요,8
도움이 된다는 거야,8
조심해요 알았어요,8
여생을 보내는,8
도움이 된대요,8
조심해요 천천히,8
방대한 양의,8
없어 넌 그냥,8
도움이 될 거고요,8
거절은 못,8
도움이 될 거야 난,8
도움이 될 거야 내가,8
그런다고 했잖아,8
여섯 살이에요,8
여섯 잔,8
그런대로 괜찮아,8
페랑디 중사,8
여성 참정권,8
여성 피해자는,8
여성들을 위한,8
도움이 될 수 있을까,8
내 거울,8
도움이 될 테니,8
여성이 더,8
여성이 된,8
도움이 될거라,8
ᅳ 팅,8
그런데 경찰은,8
여왕 폐하께,8
도움이 될꺼야,8
여왕은 마녀가,8
도움이 될지 몰라요,8
그런데 그 남자가,8
여왕이 날,8
고마워해도 돼,8
그런데 그 여자,8
여유가 없다고,8
도움이 안 돼 내가,8
여유가 없을,8
여유가 있다,8
거절한 적,8
여유가 있을,8
여유도 없어,8
여유를 가져,8
본적도 없어요,8
거절할 걸,8
여자 가슴에,8
여자 같네,8
여자 같다,8
あなたのせいで 너 때문에 パリラ,8
여자 같으니라고,8
여자 같지,8
없어 더 이상은,8
도움이 있다면,8
도움이 전혀,8
도움이 절실히,8
도움이 좀 필요한데,8
거절할 수 있는,8
여자 누군지,8
여자 당장,8
여자 대신,8
도움이 필요하겠어요,8
여자 뒤를,8
여자 때문에 날,8
여자 때문에요,8
여자 때문이에요,8
여자 만나면,8
도움이 필요하면 말해,8
여자 말대로,8
거절할까 봐,8
도움이 필요하잖아,8
그런데 난 안,8
도움이 필요한 게,8
여자 물건,8
거절해야 할 것,8
도움이 필요할 것 같아요,8
그런데 너랑,8
여자 손,8
여자 시체가,8
여자 신원을,8
여자 싫어,8
거죠 같은,8
그런데 넌 누구냐,8
여자 애,8
여자 얘기가,8
여자 얘기도,8
도움이 필요해 무슨,8
도움이 필요해 여기,8
도움이 필요해 이봐,8
도움이 필요해요 그,8
여자 이름이 뭐야,8
그런데 누구,8
도움이 필요해요 내,8
도움이 필요해요 당신이,8
도움이 필요해요 도움이,8
도움이 필요해요 도움이 필요해요,8
그런데 누굴,8
그런데 누군가가,8
여자 저,8
도움이 필요해요 지금,8
도움이 필요했고,8
여자 좋아해요,8
여자 주제에,8
여자 집에서,8
도윤이 형이,8
여자 취향이,8
여자 친구가 있어요,8
모시고 가겠습니다,8
도장 좀,8
도장 찍어,8
여자 친구와 함께,8
그런데 도대체 왜,8
도저히 말이 안,8
도저히 모르겠는데요,8
여자 향수,8
여자 한테,8
여자 형제가,8
그런데 돈이,8
여자가 그냥,8
조용히 해 그래,8
도저히 믿을 수,8
여자가 그를,8
게 우린,8
여자가 너에게,8
그런데 말을 안,8
여자가 되기,8
도적 홍가,8
도전 과제는,8
도전 완수,8
모실 분은,8
여자가 미인이면,8
제가 물어볼게요,8
더 해줄까,8
여자가 생겼다,8
여자가 아는,8
여자가 아니니까,8
여자가 아니었어,8
여자가 아무리,8
조의를 표하려고,8
조의를 표해요,8
여자가 위험한,8
여자가 있는 것,8
여자가 있나요,8
그 아이요,8
조이가 찾아갑니다,8
도착 시간,8
여자가 있었던,8
그런데 방법이,8
여자가 죽는 걸 목격하게,8
도착하고 나서,8
여자가 죽였어요,8
그런데 사람들은,8
여자가 필요한,8
그런데 생각해 보니,8
여자는 그렇지,8
여자는 남자,8
여자는 날 미치게,8
여자는 남자를,8
도착하면 어떻게,8
조절을 못,8
그런데 아니야,8
여자는 모두,8
거죠 그린,8
제가 뭘 놓쳤죠,8
여자는 아마,8
도착하지 않았어,8
거죠 그만,8
도착한 걸,8
여자는 없었어,8
여자는 제가,8
여자는 제,8
여자는 죽었어,8
제가 뭘 하는지,8
여자도 같이,8
여자도 마찬가지야,8
여자도 만나고,8
그런데 얘는,8
도착할 때까지요,8
도착할 때쯤이면,8
여자들 얘기,8
그런데 어디서,8
모여 있을,8
여자들은 그런 거,8
그런데 어떤 남자가,8
여자들은 어디,8
그런데 어떻게 됐죠,8
여자들은 이런,8
여자들은 전부,8
조종한 거예요,8
조종할 수 있는 건,8
편은 아니야,8
거죠 내일,8
여자들의 웃음,8
여자들이 그렇게,8
여자들이 그,8
그런데 언제,8
여자들이 많이,8
도착했을 때부터,8
그런데 얼마,8
여자들이 어떻게,8
여자들이 좀,8
여자들이 한,8
여자라는 것을,8
여자라는 이유로,8
여자라면 더더욱,8
여자란 건,8
그런데 여기서 뭐,8
조지 엘리엇,8
여자랑 놀고,8
여자랑 데이트,8
도쿄 양,8
여자랑 못,8
여자랑 사랑에,8
도쿄 중앙 은행 오사카,8
더 흥미롭다,8
도쿠에 씨,8
여자로 보여,8
거죠 다음,8
도킹 절차를,8
여자를 그냥,8
여자를 꼬실,8
그런데 왜 그런,8
도통 모르겠네,8
조지 해리슨은,8
여자를 데려올,8
없어 안으로,8
도통 이해가 안,8
여자를 만날 수도,8
그런데 왜 여기 있는,8
그런데 왜 이걸,8
여자를 사랑할,8
독감 주사,8
그런데 왜 하필,8
조직 범죄의,8
여자를 제대로,8
모은 거예요,8
여자를 좋아할,8
거죠 덕분에,8
여자를 찾게,8
그런데 웃긴,8
여자를 찾고 있어,8
여자를 풀어,8
여자를 행복하게,8
여자를 혼자,8
독수리처럼 높이,8
거죠 둘,8
독실한 기독교,8
독안에 든,8
여자애가 있었어,8
여자애들 한 무리 가족들도,8
그런데 이상한 건,8
여자애를 어떻게,8
여자애를 찾고,8
독을 먹이고,8
여자야 그게,8
독을 먹인 거야,8
여자야 나는,8
여자야 날,8
독을 쓴,8
여자야 하지만,8
여자에 대해 아는,8
여자에게 가장,8
독일 사람,8
그러실 건,8
모이타바이 요원,8
모이고 있습니다,8
그런데 잠깐,8
여자와 잠자리를,8
여자의 사랑,8
그런데 저한테,8
거죠 멋진,8
세상에 감사합니다,8
독한 거,8
여자일 수도 있죠,8
그런데 점점,8
그런데 정작,8
여자친구 있는,8
그런데 정확히,8
여자친구도 없고,8
여자친구도 있고,8
여자친구를 죽인,8
돈 값을,8
여자한테 관심이,8
여자한테 인기,8
여잔 누구예요,8
여잔 없겠지,8
돈 것,8
돈 걸지,8
그런데 차,8
돈 구하러,8
여잘 안,8
돈 꽤나,8
돈 낭비,8
여전히 그래요,8
여전히 그럴 것이다,8
그런데 하루는,8
돈 내고 보는,8
나실 때,8
여전히 똑같은,8
그런데도 그는,8
존 씨,8
여전히 믿고,8
여전히 사랑해,8
존 스노우와,8
여전히 서로를,8
여전히 세계,8
여전히 숨을,8
그러자 그럼,8
여전히 어떤,8
여전히 오늘,8
그런데도 사람들은,8
돈 드는 것도,8
돈 드려,8
여전히 있습니다,8
여전히 있을,8
여전히 자기,8
존 이게,8
여전히 저,8
여전히 좋아,8
여전히 집에,8
돈 때문에 사람을,8
거죠 빨리,8
그런디는 월요일에,8
그런디는 월요일에 태어나,8
거죠 분명히,8
존 케넥스,8
여지 없는,8
그러죠 고맙습니다,8
그런말 한,8
여지가 없소,8
여지가 없었던,8
여지가 없을 거야,8
여지가 없을 수도,8
돈 많으면,8
그런적 없어요,8
돈 많은 놈,8
존 형이,8
그런줄 알았는데,8
거죠 서로,8
돈 많이 벌어,8
여쭙고 싶은,8
여쭤 볼게요,8
돈 먹은,8
존경하는 동료,8
여쭤보는 거예요,8
나아가야 하나요,8
그런지 설명이,8
거죠 실제로,8
여태 갖고,8
돈 문제야,8
여태 잘,8
여하튼 그,8
여행 가기 전에,8
여행 가,8
존스 씨를,8
존스 양,8
돈 받아낼,8
여행 계획,8
여행 기록을,8
그런지 이해하지 않아요,8
없어 장난해,8
세상에 단 한,8
존 해미쉬,8
여행도 못,8
그런진 몰라도,8
여행은 실존한다 모든,8
돈 벌어요,8
존은 안,8
그럴 가능성이 높지,8
여행을 떠난,8
존은 내가,8
여행을 하지,8
여행을 한다,8
여행이 될 거야,8
돈 쓸 데가,8
여행하고 있어요,8
여행하는 거야,8
돈 아니야,8
나아요 그럼,8
여행하며 타임 애버레이션과,8
존재 했습니까,8
여호와는 나의 목자시니,8
여호와는 나의,8
역 앞에서,8
돈 안 받을,8
거죠 어릴,8
존재가 되어야,8
돈 얘기 좀,8
거죠 어머니,8
역경은 널,8
돈 어떻게,8
그럴 거 같네요,8
돈 얼마,8
역사 같은,8
역사 공부,8
그럴 거 같았어,8
역사 선생,8
역사 속에,8
거죠 여기가,8
역사 수업은,8
역사 협회,8
역사가 위험에 처한,8
역사가 있습니다,8
역사가 있어요,8
돈 이리,8
존재를 어떻게 믿을 수,8
돈 있니,8
역사를 지키는,8
돈 있을,8
존재를 믿을,8
역사상 가장 많은,8
돈 전부야,8
존재의 증거,8
역사상 전례가,8
돈 좀 빌려주세요,8
거죠 오,8
역사의 일부가,8
역사의 뒤안길로,8
역사적 사실에,8
거죠 오늘은,8
돈 주기,8
역시 그건,8
역시 내 여자야,8
돈 중에,8
돈 줘야,8
역시 똑같이,8
역시 마찬가지죠,8
역시 뭔가,8
역시 수프,8
없어 커피,8
돈 펑펑,8
존재를 믿는,8
그럴 거야 네,8
역시 이건,8
존재하지도 않은,8
목 매달아,8
역시 한,8
역에 있어요,8
없어 클레어,8
그럴 거야 이,8
그럴 거야 정말,8
역의 괴로운,8
돈과 권력이,8
역의 다급한 숨소리,8
역이 그 녀석이,8
돈도 더 많이,8
돈도 많아,8
그럴 거예요 내가,8
돈도 많이 벌,8
그럴 거예요 이,8
역할 할,8
더는 제,8
돈도 벌 수,8
존중하는 거야,8
그럴 거잖아요,8
없어 하나만,8
목 졸라서,8
역할을 하는 거죠,8
역할을 하려고,8
나아질 거라는,8
돈도 없었고,8
돈도 없잖아요,8
역할을 했다고,8
역할을 했습니다,8
그럴 것 같구나,8
돈도 한,8
돈만 가지고,8
엮이는 거,8
그럴 것 같다고,8
없어 할리우드,8
없어 할머니,8
돈만 있으면 돼,8
돈방석에 곱게,8
돈방석에 곱게 앉아,8
돈방석에 곱게 앉아 있지,8
연결 이,8
연결 중이야,8
없어 행복할 시간이니까 기분이,8
연결 지을,8
연결돼 있네,8
연결돼 있다고,8
그럴 것 같지는,8
연결돼 있죠,8
돈으로 그,8
돈으로 날,8
돈으로 못,8
연결된 것 같아,8
연결될 겁니다,8
돈으로 사,8
졸업 작품,8
연결시킬 수 있는,8
돈으로 살 순,8
연결이 돼,8
돈으로 샀어요,8
그럴 것이라는 것을,8
졸업생 여러분,8
연결하면 돼,8
세상에 이상한,8
연결할 수 있어요,8
연결해 달라고,8
졸지 마,8
없어도 우린,8
연고 좀,8
그럴 권리 없어요,8
연관되어 있습니다,8
돈은 다 어디서,8
돈은 당신,8
연관성을 찾을,8
거죠 적어도,8
연관이 없어,8
그럴 기분이 아냐,8
연관이 있나,8
더러운 돼지,8
나를 포기하지,8
돈은 받을 수,8
돈은 신경,8
그러지 마 안돼,8
목격자를 찾을,8
연구 자료가,8
연구 중입니다,8
돈은 어디서 난,8
연구를 진행,8
돈은 얼마,8
그럴 돈도,8
연구를 하면서,8
연구소에 가서,8
돈은 우리,8
연구실에 있던,8
좀 가져다줄게,8
연구하기 위해,8
연구한 결과,8
연구해 온,8
연극 말이야,8
그럴 때가 있어요,8
연극 좀,8
연극은 안,8
그럴 때가 있죠,8
돈은 항상,8
세상에 참,8
그럴 때도 있어,8
돈을 갖고 있는,8
게 있는데 네가,8
돈을 건,8
그럴 리 없겠지,8
돈을 걸어도,8
거죠 하나,8
돈을 계속,8
연대감이 증진될,8
연대감이 증진될 것입니다,8
연대기'' 지난,8
연대기'' 지난 이야기,8
없어요 가,8
연락 두절이에요,8
연락 받았는데,8
연락 받았어요,8
돈을 내야죠,8
그럴 리가 그럼,8
그럴 리가 난,8
그럴 리가 내가,8
연락 있었어,8
연락 주세요 감사합니다,8
연락 줄게요,8
연락 할 수,8
돈을 대고,8
돈을 대는,8
연락도 안 했어요,8
세상에서 가장 운이,8
연락은 해,8
연락을 기다리는,8
그럴 리가요 이,8
그럴 리는 없겠죠,8
그럴 리는 없어요,8
연락을 잘,8
연락을 취해,8
없어요 그 사람이,8
연락을 하려고,8
없어요 굳이,8
돈을 많이 벌 수,8
거지 가끔,8
돈을 모아야,8
좀 계속,8
연락이 닿으면,8
그럴 만큼,8
연락이 닿을,8
연락이 됐어,8
돈을 모으면,8
돈을 바라는,8
돈을 받게 될,8
없어요 그것도,8
연락이 없었어,8
그럴 만한 사정이,8
연락이 온,8
연락이 올 거예요,8
연락이 왔었어,8
연락이 왔을,8
연락이 잘 안,8
연락하고 싶으면,8
더블 에스프레소,8
연락하도록 하지,8
연락하라고 했어요,8
거지 같은 거,8
연락하실 거예요,8
연락하지 않았다,8
연락하지 않았어,8
연락한 걸,8
좀 궁금해서요,8
돈을 벌러,8
연락할 사람은,8
연락할 수 있다,8
거지 같은데,8
더블유 그 주인공 강철은,8
연락할게요 그래,8
연락해 달라고,8
연락해 볼,8
돈을 보낼,8
돈을 빌려줄,8
돈을 빌렸다고,8
그럴 생각은 전혀,8
연료가 공급되고,8
좀 그만 내,8
그 애가 그,8
돈을 숨길,8
그러지 마요 난,8
연루되고 싶지,8
연루되어 있습니다,8
좀 그만해 나도,8
돈을 아끼려고,8
그러지 말라니까,8
연방 공무원,8
연방 기관,8
연방 법원에,8
연방 법원에서,8
좀 기다려봐요,8
돈을 얻을,8
연방 우주선,8
연방 우주선 선저우다 응답하라,8
그럴 수 없어 내,8
연방 정부를,8
연방 정부와,8
연방 총괄팀,8
연설 좀 안,8
연설 좀 안 하게,8
돈을 원한다면,8
그럴 수 없었죠,8
그럴 수 없었지,8
연설을 통해,8
거지 그녀는,8
거지 그래서 내가,8
돈을 주고 있어,8
돈을 주는 게,8
연습 더,8
돈을 주라고,8
돈을 주려는,8
연습 좀 하고,8
없어요 누굴,8
연습 한,8
연습 해,8
연습 후에,8
연습도 안,8
돈을 주진,8
돈을 줄 수 있어,8
연습하고 있는,8
연습한 거예요,8
그럴 수 있단,8
돈을 줬나요,8
연습해야 돼,8
연애 사업은,8
연애는 안,8
돈을 지불해,8
연연하지 마,8
돈을 지불했어,8
그럴 수 있을지 모르겠어요,8
좀 나갔다 올게요,8
돈을 찾아서,8
연인 사이가,8
돈을 찾을 수,8
목소리에 집중해요,8
그럴 수가 없는,8
연주 중,8
연주는 안,8
연주도 하고,8
연주를 못,8
연주를 한다,8
연주를 할,8
연주하는 거야,8
연주하는 건,8
평생을 알고,8
연주하는 법을,8
좀 나온,8
연줄이 있나,8
돈이 남아,8
연필 좀,8
돈이 내,8
연희의 겁먹은 숨소리,8
돈이 다가,8
세상을 구했잖아요,8
연희의 성난,8
돈이 돈을,8
열 개라도 할,8
그럴 수도 있나,8
돈이 들어가고,8
거지 나를,8
돈이 떨어질,8
돈이 떨어져서,8
열 명 중,8
돈이 많다고,8
목숨도 맡길,8
좀 낫나요,8
열 받게 하면,8
열 받게 했어,8
돈이 많을,8
좀 났다고,8
열 배 더,8
그러지 않겠어,8
열 번도 넘게,8
돈이 썩어,8
돈이 아니라요,8
좀 나아질 것,8
열 수 있죠,8
열 신호도,8
열 신호가,8
열 열하나,8
열게 된,8
그럴 수밖에 없지,8
더이상 하지,8
그럴 수야,8
그럴 수있는,8
더이상 할 수,8
열기 및,8
열기 위해서,8
거지 네 세상은 이제,8
목숨을 걸 만큼,8
돈이 없었죠,8
거지 네 세상은,8
열다섯 살 때,8
좀 내요,8
열대 우림을,8
열두 번도 더 오가며,8
목숨을 걸게,8
거지 놈이,8
돈이 있는 곳을,8
열려 있잖아,8
돈이 있어도,8
열렬한 팬입니다,8
열렬히 환영해,8
없어요 사랑하는,8
돈이 있으니,8
그럴 시간이 없소,8
돈이 있지,8
열리지 않는다,8
좀 놀고,8
열린 건,8
돈이 최고야,8
좀 내주실,8
그럴 애,8
돈이 필요하대,8
돈이 필요하잖아요,8
그럴 애가 아니에요,8
그럴 여력이,8
거지 당신의,8
열상이 있어요,8
없어요 설마,8
돈이나 줘요,8
열쇠 가져올게,8
열쇠 가져올게요,8
돈이면 뭐든,8
게 있어 나도,8
돈이에요 그,8
열쇠 말이야,8
열쇠 받으세요,8
돈일 뿐이야,8
돌 거예요,8
돌 것이다,8
열쇠가 될 수,8
열쇠가 있나,8
돌 맞아,8
열쇠가 필요해요,8
세상을 보여주고,8
돌 볼,8
그럴 일 없어 난,8
열쇠는 여기,8
열쇠도 있고,8
열쇠도 있어요,8
좀 다녀와야겠어,8
좀 다녀올,8
열쇠를 가지고 있어,8
열쇠를 꺼내,8
돌고 가게 해주세요,8
열쇠를 줄,8
열쇠를 찾는,8
열쇠를 찾아야,8
열쇠를 찾으시는,8
돌고 또,8
열쇠를 찾으시는 동안,8
돌고 올게,8
돌고 있다고,8
그럴 일은 없겠지,8
그럴 일은 없을 거다,8
열심히 노력할,8
돌고 있을,8
열심히 노력했는데,8
거지 말도 안 돼,8
열심히 살아야지,8
돌기 시작했어요,8
열심히 일하게,8
열심히 일하시네요,8
열심히 일하잖아요,8
열심히 일하면서,8
그럴 자격 없어요,8
돌려 보세요,8
거지 무슨 말인지,8
열심히 하자고,8
열심히 한번,8
열심히 할 수,8
돌려 봤는데,8
열심히 해봅시다,8
돌려 줄거야,8
그럴 자격이 없으니까,8
열심히 했구나,8
열심히 했는지,8
열심히 했다,8
열심히 했으니까,8
열심히 했으니,8
돌려놓지 않으면,8
그럴 자격이 있으니까,8
돌려달라고 해,8
열어 난,8
돌려받고 싶다면,8
열어 놨어요,8
거지 방금,8
열어 보자,8
열어 본,8
열어 볼게요,8
돌려받지 못할,8
열어 봤어,8
열어 빨리,8
돌려보내 줘요,8
열어 안에,8
돌려보내는 건,8
열어 어떻게,8
열어 엄마,8
좀 더 내,8
열어 왜,8
열어 이게,8
그럴 줄 알았다는,8
열어 주시죠,8
그러지 않았을 때,8
열어 주십시오,8
세상의 끝에서,8
돌려보낼 수도,8
돌려서 말하지,8
열어도 될까요,8
열어도 돼요,8
열어보지 마,8
열어라 용기를 내라 진실을,8
열어야 한다,8
그럴 줄 알았어 내,8
돌려주고 싶어,8
돌려주고 싶어요,8
열어줘야 해,8
돌려주기 전에,8
열여섯 살 때,8
나에게 말했던,8
열이 나고 아파서 밤새,8
돌려주려고 했어,8
그럴 줄 알았지만,8
거지 소굴 같은,8
열정 때문에,8
열정은 높이,8
게 있어 오늘,8
돌려줄 수도,8
없어요 여기도,8
열차 운행을,8
거지 아니요,8
그럴 필요 없단다,8
없어요 여보,8
염기 서열,8
좀 더 자세히 설명해,8
그럴 필요 없어 나는,8
돌리기 위해서,8
염려하는 건,8
거지 아무튼,8
덕분에 돈을,8
돌리는 것,8
염색한 거야,8
그럴 필요 없어 우리,8
거지 아버지,8
돌리라고 해요,8
거지 아빠는,8
좀 더 파,8
좀 더 필요한,8
돌리지 않고,8
엿 먹고 다 엿,8
엿 먹고 다,8
엿 먹고 쟤도 엿,8
엿 먹고 쟤도,8
엿 먹어 난,8
그럴 필요 없을 거야,8
엿 먹었어,8
엿 먹이는 건,8
돌릴 것이다,8
났던 게,8
그럴 필요 있어,8
돌릴 수 있습니다,8
돌릴 수 있을 거야,8
엿들은 게,8
돌릴 수가,8
엿이나 쳐먹어,8
돌멩이 하나로,8
돌면 돼요,8
없어요 윌은,8
돌면서 그러게 내가 뭐랬어,8
거지 어때,8
영 불편해,8
가족을 안전하게,8
그럴 필요가 있다,8
거지 어이,8
영감을 받았죠,8
돌보는 거예요,8
영감을 주었다,8
돌보는 동안,8
돌보는 일을,8
돌본 건,8
영광을 람,8
돌볼 수 있다는,8
영광이 아버지께 영원히 있사옵나이다,8
영광일 것이다,8
영국 교회의,8
그럴 필요도 없었죠,8
돌봐 줄 수,8
영국 땅에서,8
영국 사람,8
돌봐 줬어,8
그럴 형편이 안,8
영국 해군,8
영국에 온,8
돌봐야 할 의무가,8
영국을 위해,8
좀 도와줘요 내가,8
돌봐주는 게,8
영리한 게,8
영문은 모르겠지만,8
그럴거야 내가,8
영배의 떨리는,8
영상 되감는,8
영상 되감는 소리,8
돌봐줘서 정말,8
영상 전부,8
거지 우리의,8
그럴게 사랑해,8
그럴게 이제,8
돌아 버릴 것,8
今や華やかささえも 지금은 화려함조차도 影をひそめ交わる,8
영상을 누가,8
좀 되나,8
그럴게요 그,8
영상을 얻을,8
영상을 안,8
영상을 얻을 수,8
돌아 오라고,8
없어요 정확히,8
제가 원했던 건,8
그러진 않겠죠,8
덕분에 한,8
그럴게요 엄마,8
그럴게요 여기,8
영생을 얻을,8
영수증 좀,8
돌아 와서,8
영어 할 줄 아나,8
돌아 전달,8
영어는 할 줄,8
영어로 말하는 라이언,8
영어로 말하는 요원,8
영어로 뭐라고,8
그럴듯한 이야기를,8
좀 듣고 싶은데,8
없어요 죽을,8
그럴듯한 이유가,8
거지 있잖아,8
돌아가 볼까,8
그럴려고 여기,8
영역 표시,8
돌아가 봐야 해요,8
돌아가 왜,8
돌아가 이건,8
돌아가 있어,8
영웅 노릇,8
영웅 노릇을,8
거지 자넨,8
영웅도 아니고,8
좀 들어야,8
그러질 못했죠,8
돌아가게 하는,8
영웅을 만드는 뜨겁게 달궈진,8
영웅을 위해,8
영웅의 이름을,8
없어요 커피,8
돌아가고 싶어 다시,8
돌아가고 싶어 다시 한,8
그럴수 밖에,8
좀 따끔할 거야,8
영웅이 만들어지는 불의 도가니니까,8
돌아가고 싶을 뿐이야,8
영웅이 하는,8
영웅이라도 된,8
거지 전장은,8
목을 베겠다,8
거지 전장은 진짜,8
덕에 아주,8
영원한 생명에,8
영원한 생명에 이르게 하소서,8
영원한 생명에 이르게,8
그럴순 없어,8
좀 똑똑한,8
영원한 평화를,8
목을 안,8
돌아가는 것을,8
거지 좋게,8
영원히 모를,8
영원히 바뀔,8
영원히 변치,8
영원히 사라지게,8
돌아가는지 전혀,8
영원히 사라질 거야,8
돌아가도 될까요,8
何もなくても 아무것도 없어도 希望に寄り添えるか,8
목을 조를 때,8
돌아가라고 해,8
영원히 알 수,8
돌아가면 그리고,8
영원히 이어질,8
영원히 젊게,8
영원히 하지만,8
영원히 함께하는,8
돌아가서 내가,8
영이를 사랑하는,8
없어질 겁니다,8
그럼 가는 길에,8
돌아가선 안,8
좀 말려줘요,8
영장 청구해,8
영장을 들고,8
돌아가셨어 그래서,8
영장을 발부했습니다,8
영장이 있어야,8
영장이 필요,8
그럼 가볼까요,8
가족을 잃었다,8
그런 거 같군요,8
좀 먹어 봐,8
돌아가시기 전날,8
영향을 끼쳤어요,8
그럼 가족,8
없었고 난,8
그럼 가족은,8
돌아가시는 줄,8
영향을 못,8
돌아가시면 안 돼요,8
영향을 미쳤을,8
돌아가신 거예요,8
돌아가신 것,8
영향을 미치기도,8
그럼 갈 수,8
돌아가신 내,8
영향을 받았는지,8
영향을 받지 않는,8
영향을 주고 있어,8
그럼 강제로,8
돌아가실 것,8
돌아가야 하고,8
영향을 줄 수 있어,8
목적 달성을,8
영향을 줄지도,8
좀 모자라요,8
없었네 근데,8
영향이 있을,8
영향이 있을까요,8
거짓 위에,8
영혼을 구하는,8
영혼을 달래줘요,8
영혼을 볼 수,8
돌아가자 네,8
본 것 보다 훨씬,8
게 있었는데요,8
영혼을 지옥에서,8
영혼이 없어요,8
영혼이 있는,8
그럼 결과는,8
좀 물어봐요,8
돌아가지 않았어,8
해요 하지만 난,8
세월이 있는데,8
그럼 결정된,8
영화 두,8
없었다 만약,8
영화 몇,8
났어 이제,8
영화 보다가,8
영화 보는데,8
영화 보러 가는,8
돌아간 걸,8
영화 보러 가서,8
영화 보러 갈래요,8
좀 미뤄야,8
영화 볼 수,8
영화 봐도,8
그럼 계획대로,8
영화 속에 있는,8
영화 소품,8
돌아갈 거란,8
거짓말 난,8
그럼 계획이 뭐야,8
세월이 지난,8
영화 얘기를,8
영화 얘기가,8
영화 찍어요,8
돌아갈 길은 없어,8
거짓말 마 거짓말,8
돌아갈 생각은,8
영화도 보러,8
거짓말 못하는,8
영화를 만들려고,8
좀 받아들여,8
영화를 보는 것,8
영화를 보며,8
영화를 보려고,8
그럼 그 돈은,8
돌아갈 수 있을지,8
없었던 거군,8
영화를 통해,8
좀 받으려고,8
던컨 씨,8
돌아갈 시간이다,8
영화의 밤,8
영화인 줄,8
좀 밟아,8
없었다고 했어요,8
돌아갈 집이,8
옅은 숨을 내쉬며,8
그럼 그걸 어떻게,8
옆 사람,8
그럼 그게 무슨,8
포르노는 안,8
옆에 놓고,8
옆에 놓인 가방에 담아,8
옆에 누구야,8
좀 벌었어,8
옆에 두는,8
옆에 딱 붙어서,8
돌아다니면 안 돼요,8
목표 지점,8
옆에 붙어 있을,8
게 있으면 내,8
옆에 사는,8
그럼 그녀에게,8
옆에 서있는,8
포섭할 수,8
돌아라 돌아라,8
돌아버릴 거,8
나오게 해요,8
옆에 앉지,8
옆에 없는,8
옆에 이,8
옆에 없을,8
그럼 그들의,8
옆에 있기,8
없었습니다 그래,8
옆에 있는 사람은,8
옆에 있다고,8
옆에 있어 주고,8
없었습니다 아니,8
옆에 있어주는,8
돌아서 해님을 불러오렴,8
돌아서면서 맥더못이,8
돌아서면서 맥더못이 낸시를,8
돌아서면서 맥더못이 낸시를 끌고,8
그럼 그러죠,8
돌아설 거야,8
옆에 있을 수,8
옆에 있지도,8
돌아오게 되면,8
옆에 차를,8
돌아오게 하는,8
방법일 것,8
옆으로 가 봐,8
옆집 사람이,8
옆집 살던,8
옆집 여자,8
옆집에 살고,8
좀 보여 주시죠,8
거짓말 하나,8
예 그렇죠,8
예 당신,8
예 두,8
그럼 기다려,8
거짓말 하는 게,8
예 여기서,8
덜어 주고,8
그럼 기분이 좀,8
돌아오면 그,8
예 자막,8
예 저희가,8
예 좋습니다,8
예 참,8
예 한데,8
없었어 다들,8
돌아오면 모든,8
돌아오면 안 돼,8
돌아오면 어떡해,8
예레미아 질 하프페니,8
예레미아 질,8
예레미아 질 하프페니 편안한,8
돌아오면 우리,8
돌아오면 여기,8
예루살렘에 들어가나요,8
없었어 둘,8
예를 갖춰,8
돌아오면 함께,8
제가 주인이에요,8
그럼 끝나는,8
그럼 끝나,8
거짓말 한 적 없어,8
돌아오실 줄 알았어요,8
예비 검사,8
예비 발전기,8
그럼 나 이제,8
덜할 거야,8
그런 거 아니잖아,8
없었어 어떤,8
세포가 다,8
좀 봐 뭔데,8
예뻐요 네,8
없었어 아직,8
예쁘게 꾸미고,8
게 있으면 저한테,8
볼 수없는,8
예쁘고 멋진,8
돌아오지 않는다고,8
예쁘고 좋은,8
포켓 스퀘어,8
좀 봐 엄마가,8
돌아오지 않아서,8
예쁘긴 해,8
그럼 나도 여기,8
돌아오지 않았으면,8
같이 있어야죠,8
포터 렌,8
예쁜 거야,8
좀 봐 잠깐만,8
예쁜 데다가,8
돌아온 거요,8
예쁜 소녀,8
예쁜 아이가,8
그럼 나하고,8
그럼 난 가,8
거짓말에 소질,8
예쁜이 왜,8
돌아온 자,8
거짓말은 그만,8
돌아온 지 얼마나,8
예사롭지 않아,8
돌아온다고 했어요,8
그럼 난 여기,8
돌아올 거야 그래,8
예상하지 못했을,8
예상한 대로군,8
예상할 수 있다,8
거짓말은 안 할 거야,8
예상했던 것보다 훨씬 더,8
돌아올 것이라고,8
돌아올 게,8
포함하고 있어,8
예수 그리스도가,8
예수님 또한 복되시나이다 천주의,8
그럼 남은 건,8
좀 부탁하지,8
돌아올 때쯤이면,8
그럼 남편이,8
나오는 나쁜,8
돌아올 방법을,8
예술가는 조금씩이나마,8
예술가는 조금씩이나마 자신을 작품에,8
섹스를 했고,8
몰라 결국,8
그럼 내가 그,8
없었어요 아,8
없었어요 아무도,8
돌아올 수 있을까,8
그럼 내가 누군지,8
섹스에 관해,8
예의가 없네,8
그럼 내가 뭐가,8
그럼 내가 알아서,8
돌아올지 몰라,8
덩컨 씨,8
예전 같진,8
예전 그,8
없었어요 여기서,8
돌아올지도 몰라요,8
거짓말을 믿을,8
돌아와 그,8
예전 우리,8
예전 일을,8
돌아와 네가,8
방송되지 않다 재방송은 없을,8
좀 빌렸어,8
예전 학교,8
거짓말을 안 해요,8
예전에 나랑,8
거짓말을 지켜볼,8
그럼 내게도,8
예전에 너,8
예전에 다,8
예전에 만났던,8
거짓말을 지켜볼 때,8
예전에 어땠는지,8
그럼 내일 봅시다,8
돌아와서 네,8
그럼 내일부터,8
방송에 나온,8
예전에도 그랬고,8
좀 사 왔는데,8
예전엔 그랬었다 까지 간첩,8
예전엔 그랬었다 까지,8
나오는 집,8
좀 사람답게,8
나오는 즉시,8
돌아와서 얼마나,8
거짓말을 하고 있다는 걸,8
폭력을 멈춰요,8
돌아와서 저도,8
그럼 너부터,8
그럼 너희 둘,8
그럼 너희 둘은,8
폭력을 써서,8
예전처럼 돌아가고,8
예정되어 있는,8
그럼 너흰,8
예진 씨는,8
그럼 넌 네,8
그럼 넌 누구야,8
몰라 내게,8
예측하기 힘든,8
돌아왔어 내,8
옌하오 아저씨,8
옌하오 오빠도,8
그럼 넌 지금,8
돌아왔어 이제,8
돌아왔어 지금,8
그럼 네가 내,8
옛 여자,8
나오라고 했어,8
돌아왔을 때 나는,8
옛 친구야,8
거짓말을 하는군요,8
몰라 누군가,8
돌아왔을 때도,8
돌아왔을 때요,8
거짓말을 하도록,8
나오려나 봐요,8
그럼 놈이,8
돌연변이 인간,8
옛날 얘기는,8
옛날 옷,8
돌을 던지고,8
없었을 테니,8
돌이 아니라,8
옛날로 돌아간,8
돌이켜 생각해보면,8
옛날에 네가,8
옛날에 살던,8
옛날에 했던,8
돌이킬 수 없는 피해를,8
옛날의 그,8
돌이킬 수 없이,8
그럼 누구든,8
옛정을 봐서,8
돌지 마,8
오 거기,8
그럼 누구라고,8
돌체 앤,8
돌파구가 될,8
오 그렇지,8
오 넌,8
오 노,8
오 다행이다,8
오 당신이,8
오 당신은,8
돌프 룬드그렌,8
돔 때문에,8
돔 안에,8
돔 페리뇽,8
오 미안해요,8
오 분,8
오 상궁의,8
그럼 누나,8
돕고 싶다는,8
좀 쉬지 그래요,8
오 우린,8
돕고 싶대,8
오 잘됐네,8
돕고 싶어도,8
그럼 다녀오겠습니다,8
오 죄송해요,8
오 캐나다,8
오 회장,8
그럼 다른 거,8
데 걸죠,8
그럼 다른 건,8
오게 되었다,8
돕고 있는 거야,8
오게 된 거예요,8
오게 어서,8
오게 하지마,8
오게 하려면,8
돕고는 싶지만,8
오게 해줘요,8
돕기 위해 여기,8
돕기 위해 여기에,8
돕기 위해 최선을,8
돕기 위해서야,8
돕기나 해,8
돕길 원해,8
오고 싶어 했어요,8
오고 싶어서 온,8
오고 싶지 않았어,8
그럼 다음에 봐요,8
없었지만 그래도,8
오고 있고요,8
돕는 것에,8
돕는 게 아니야,8
오고 있어 그,8
오고 있어 그리고,8
오고 있어 우린,8
거짓말을 했기,8
오고 있었어요,8
돕는 자를,8
돕는다는 게,8
오곤 했는데,8
오구라 박사를,8
오기 때문이다,8
오기 싫다고,8
돕지 않고,8
오기 싫은,8
돕지 않는,8
돕지 않았어,8
돕지 않을 거예요,8
좀 쐐야겠어요,8
오기 전에 여기서,8
오기가 쉽지,8
가족이 같이,8
오기로 해서,8
오기를 원한다,8
없으니 메시지를 남겨,8
오길 바라,8
몰라 알겠습니다,8
동굴 밖으로,8
오나 봐라,8
그럼 당신한테,8
데 도움이 되다,8
동굴 탐험을,8
오뉴월에도 서리가,8
동굴이 있어,8
오는 거냐,8
그럼 대신에,8
오는 거에요,8
오는 거잖아요,8
동글동글 구슬아이스크림 맛있는,8
동글동글 구슬아이스크림,8
동글동글 구슬아이스크림 맛있는 트리핑,8
그럼 대답해 봐,8
동기가 되죠,8
그럼 대체 어떻게 된,8
데 도움이 될 것,8
거짓말이 아니다,8
동기가 있지,8
거짓말이 아니라고,8
오는 길이라고,8
오는 길이다,8
오는 길이었어,8
동남 아시아,8
그럼 데이트,8
방식이 맘에 안 들면,8
거짓말이 아니지,8
몰라 여보,8
그럼 도울,8
동네 술집에서,8
동네 정말,8
가족이 그런,8
오늘 같은 날에,8
오늘 같은 일은,8
오늘 같은 날을,8
동네 최고,8
좀 안 하게 도와주세요,8
오늘 게임,8
그럼 돌아와서,8
오늘 경찰,8
오늘 경찰이,8
오늘 계획,8
오늘 공격에,8
동네를 벗어난,8
동네방네 소문,8
오늘 그녀의,8
오늘 나도,8
거짓말이야 이제,8
제가 하면 안,8
동등한 대우를,8
동래의 겁먹은,8
동래의 놀란,8
동래의 놀란 신음,8
오늘 너무 많이,8
오늘 니가,8
오늘 다섯,8
동료 한 명이,8
그럼 두 분 다,8
그럼 두 분이,8
동료가 아니야,8
오늘 두 번째,8
동료들은 당신을,8
동료랑 같이,8
좀 알아볼게,8
오늘 말이야,8
거짓말일 거예요,8
오늘 며칠이죠,8
좀 앞으로,8
오늘 몸이 좀,8
그럼 따라와,8
좀 약해요,8
오늘 물,8
그럼 딱 한,8
동맹을 맺을,8
오늘 뭐가,8
팁은 없을,8
그럼 떠나,8
오늘 밤 나는,8
그럼 또 누가,8
오늘 밤 너무,8
오늘 밤 당장,8
나온 거 같아요,8
오늘 밤 두,8
동물 공연을,8
오늘 밤 모든,8
오늘 밤 뭘,8
오늘 밤 사랑에 빠질래요,8
오늘 밤 안,8
오늘 밤 어때,8
몰라 지금 당장,8
동물 실험을,8
데 사흘,8
그럼 마음대로 해요,8
나온 거고요,8
그럼 마저,8
오늘 밤 환영 파티에서,8
동물들과 함께,8
나온 거네,8
오늘 밤에 꼭,8
오늘 밤에 내,8
오늘 밤에 놀러,8
거짓말하는 거라고,8
오늘 밤에 만나,8
오늘 밤에 떠날 거야,8
거짓말하는 거요,8
오늘 밤에 뭐 해,8
동물에 대해,8
그럼 말씀해,8
없으면서 어떻게,8
오늘 밤에 안,8
오늘 밤에 약속,8
오늘 밤에 와,8
동물을 모두,8
오늘 밤은 어때,8
오늘 밤은 여기,8
오늘 밤을 못,8
동부 시각,8
오늘 밤처럼,8
없을 거라면서요,8
오늘 비행,8
동생 만나러,8
그럼 먼저 갈게,8
방아쇠를 당긴다,8
좀 움직여라,8
그럼 며칠,8
오늘 스케줄,8
오늘 시내로,8
오늘 아기를,8
오늘 아주 중요한,8
오늘 아침 당신,8
오늘 아침 일을,8
오늘 아침 한,8
동생에 관한,8
오늘 아침도 별일 없나,8
오늘 아침도 별일,8
동생에게 무슨,8
오늘 아침에 내,8
오늘 아침에 다,8
오늘 아침에 당신,8
오늘 아침에 어디,8
좀 이르지 않나,8
없을 거야 약속할게,8
오늘 아침요,8
오늘 아침을,8
동생을 구해야,8
그럼 무엇이,8
오늘 약속을,8
거짓말하지 않죠,8
오늘 얘기를,8
동생을 두고,8
오늘 어떠세요,8
오늘 어머니,8
동생을 죽였다고,8
오늘 여자,8
동생을 죽이지,8
오늘 오실,8
셋이 여기서,8
오늘 오후로,8
동생의 죽음에,8
그럼 뭐 할 건데,8
동생이 널,8
거짓말한 거지,8
동생이 당신을,8
거짓말한 겁니다,8
동생이 살아,8
동생이 아냐,8
그럼 뭐가 문제인데,8
동생이 아니에요,8
거짓말한 것도,8
오늘 우리에게 일용할 양식을,8
오늘 우리에게 일용할,8
거짓말한 게 아니야,8
동생이 있는,8
그럼 뭐라고 하죠,8
게 정상이죠,8
동생이 하는,8
오늘 일 끝나고,8
오늘 일어난 모든,8
그럼 뭐였는데,8
오늘 일이 잘,8
동성애 혐오,8
오늘 일진이 안,8
동성애 혐오자,8
오늘 입은,8
동성애자 아니에요,8
오늘 있었던 일을,8
동성애자라는 걸,8
거짓말할 땐,8
오늘 잘했다,8
오늘 잠,8
거예요 잠시만,8
동시에 내,8
데 우리,8
없을 리,8
동시에 이,8
동시에 하는,8
그럼 뭘 하고,8
오늘 전화를,8
동안 가만히,8
동안 가지고,8
그럼 미안,8
거짓말할 필요 없어요,8
동안 거기서,8
동안 겨우,8
오늘 죽는다,8
동안 고작,8
오늘 차,8
그럼 바닥에,8
그럼 박사님이,8
동안 그들에게,8
좀 있을게,8
그럼 밖으로,8
오늘 촬영은,8
없을 지도,8
동안 그리고 나서,8
오늘 파티가,8
거짓으로 가득,8
동안 기다려,8
동안 기다렸어,8
거짓을 말하는,8
거짓을 말하지,8
오늘 할 수,8
좀 작네요,8
오늘 행사가,8
오늘 행사,8
없을거야 그럼,8
오늘 힘들었나,8
동안 너와,8
오늘날에도 여전히,8
해봐요 무슨,8
오늘도 난,8
그럼 별일,8
그럼 병원에서,8
없을것 같아요,8
동안 노력했어,8
없을것 같은데,8
동안 누군가,8
나온 적은,8
오늘로 끝이야,8
동안 다양한,8
오늘밤 나와,8
좀 잘못된,8
오늘밤은 안,8
없음 내,8
동안 둘이,8
동안 떠나,8
오늘아침 나는,8
동안 똑같은,8
거쳐야 해요,8
오늘은 그만하지,8
오늘은 내가 운전할게,8
동안 매년,8
동안 말이지,8
그럼 비밀로,8
동안 머물,8
동안 모든 게,8
오늘은 또 무슨,8
고맙습니다 안녕히 가세요,8
그럼 사람,8
오늘은 문,8
오늘은 뭔가,8
좀 제,8
그런 건 없었어요,8
오늘은 손님이,8
동안 벌써,8
좀 존중해,8
오늘은 아주 중요한,8
동안 보지 못했다,8
그럼 사진,8
오늘은 안 돼 병원,8
오늘은 안 되겠어,8
동안 살았다,8
동안 살인,8
오늘은 어쩐,8
동안 새로운,8
그럼 살인이,8
오늘은 여기서 자고,8
데 혈안이,8
오늘은 음식이,8
오늘은 이게,8
오늘은 이러면,8
동안 아빠,8
동안 아이를,8
몰라요 만난,8
나올 거란,8
오늘은 제대로,8
오늘은 좀 더,8
그럼 설명을,8
동안 얘기를,8
오늘은 할 만큼,8
오늘의 계획은,8
오늘의 교훈은,8
오늘의 뉴스입니다,8
그럼 세상이,8
오늘의 승자는,8
그럼 셋이,8
동안 여러 번,8
그럼 수고,8
동안 우리와 함께,8
나올 건,8
오늘이 우리가,8
오늘이 제 마지막,8
그럼 수술을,8
오니 어린,8
오니 어린 양이,8
오니 어린 양이 뛰어요,8
오니 좋군,8
동안 이거,8
오니까 좀,8
그럼 숨을,8
오도 가도 못하게,8
동안 인류의 생명을,8
동안 인류의 생명을 지켜줬지만,8
동안 일,8
거품 좀,8
오드리 헵번,8
오디션 때문에,8
오디션 보고,8
좀 진정할,8
그럼 시간을 좀,8
오디션 프로그램,8
오딘 퀸캐넌,8
오딘의 아들,8
오라 불가능하다,8
오라 가라야,8
오라고 연락해,8
오라고 문자,8
오라고 하게,8
오라고 하셨잖아요,8
걱정 그만하고,8
그럼 시작합니다,8
오라고 했습니다,8
그럼 시작해보죠,8
오라고 했죠,8
그럼 시작해볼까요,8
그럼 시체는,8
동안 죽은,8
오래 갈지,8
오래 걸려서 미안,8
동안 지금,8
오래 걸리는 거죠,8
그럼 싸울,8
오래 걸리든,8
오래 걸리잖아요,8
동안 코빼기도,8
오래 걸리지는 않을,8
동안 특이한,8
동안 특이한 점이 있다면,8
좀 창피하네,8
동안 하는,8
좀 찾아서,8
좀 찾아봤어,8
오래 끌면,8
오래 끌수록,8
없이 시작해,8
동안에 말야,8
동안에 내,8
데까지 가,8
걱정 마 그냥,8
오래 머물게,8
동안은 내가,8
오래 못 갈 거야,8
오래 못 버텨요,8
동안은 안 돼,8
좀 챙기고요,8
오래 버티기,8
동안의 일을,8
오래 버티진 못할,8
동영상 좀,8
오래 살았잖아요,8
동영상에 나온,8
동영상을 보고,8
좀 추고,8
오래 알았어,8
동의 못 합니다,8
오래 있어도,8
오래 있었고,8
오래 있었는데,8
표정 지어,8
오래 있었지,8
오래 있으면 안,8
동의만 하면,8
오래 잠들어,8
오래 잡고,8
오래 잘,8
해줬으면 좋겠어요,8
오래 참고,8
동의하지 않는가,8
오래 하다 보면,8
그럼 안돼지,8
오래 혼자,8
오래가지 못할 거야,8
동의하지 않은,8
동의하지 않을 수,8
그럼 안전할,8
오래도 걸렸네,8
오래돼서 그래,8
동의한 거예요,8
오래된 건데,8
동의한 적 없어요,8
오래된 상처를,8
오래된 일이야,8
그럼 알려,8
그럼 알았어요,8
동의합니다 제가,8
좀 풀어줘야,8
데는 한계가,8
오랜 기간동안,8
동이 트기 전에,8
그럼 약속해,8
동일이 형,8
좀 필요하거든,8
오랜 시간이 지난,8
오랜 친구고,8
동장군이 노할까,8
동장군이 노할까 숨죽여 웃는다,8
동장군이 노할까 숨죽여,8
오랜만에 듣네,8
동전 하나까지,8
걱정 마세요 곧,8
그럼 어디 있는데,8
오랜만이야 안녕,8
몰랐는데 그럼,8
오랫동안 감옥에서,8
걱정 마세요 그,8
그럼 어디 있죠,8
동정은 필요 없어요,8
그런 걸 좋아해,8
걱정 마세요 그래,8
오랫동안 네가,8
동종 업계,8
오랫동안 말이야,8
모르겠네요 그럴,8
그럼 어디서부터,8
동쪽 건물,8
동쪽 건물로,8
오랫동안 이 순간을,8
오랫동안 이걸,8
오랫동안 이렇게,8
오랫동안 잊고,8
그럼 어때서,8
동쪽에서 온,8
동쪽으로 가는,8
동쪽으로 가지,8
그런 걸 할 수,8
오렌지 주스가,8
오렌지 쥬스,8
그럼 어떨,8
오렴 이제,8
오로지 널,8
동키 콩,8
오로지 진실만을,8
오르가즘 느끼는,8
오르고 싶어,8
동풍이 오고,8
그럼 어떻게 되는데요,8
동호의 아파하는 신음,8
오르트 성운,8
오르트 성운의,8
동화에 나오는,8
좀 하자 우리,8
그럼 어떻게 될,8
좀 하자 응,8
그럼 어떻게 하라고,8
오른쪽 문,8
오른쪽 아래,8
오른쪽 어깨,8
돼 가까이,8
몰랐어 그녀가,8
오른쪽엔 뭐가 있나,8
오른쪽엔 뭐가,8
오를 것,8
오를 때까지,8
없이 죽일,8
오리 새끼가,8
그럼 어서 가,8
돼 걔가,8
좀 할까 해서,8
돼 거긴,8
오마이갓 내,8
오면 그렇게,8
걱정 말게나,8
오면 말이야,8
돼 그 사람이,8
오면 뭐라고,8
오면 안 되는 거,8
돼 그건 내,8
좀 해 뭐,8
오면 어떨까,8
오면 어쩌려고,8
돼 그것,8
그럼 어쩔 수 없이,8
오면 전,8
그럼 어쩔래,8
오면 절대,8
걱정 말렴,8
오믈렛을 만들려면,8
돼 그러는,8
오바마 대통령의,8
좀 해 봤어요,8
게 좋아 안,8
오버 알겠다,8
돼 그런 거,8
오버 좀 하지 마,8
돼 그럴 리가,8
돼 그럼 그,8
돼 그럼 난,8
돼 그럼 내,8
돼 그렇게 하면,8
오브 듀티,8
오브 뮤직,8
돼 그렇구나,8
오브 쉴드,8
오브 잇,8
오브라이언 양,8
오빠 거야,8
돼 글쎄요,8
오빠 날,8
그럼 여기를,8
돼 기부할,8
돼 기부할 곳도,8
오빠 네,8
돼 기부할 곳도 정해야,8
오빠 대신,8
오빠 말이 맞아,8
오빠 못,8
돼 나더러,8
오빠 얼굴,8
오빠 요즘,8
오빠 이거,8
돼 나에,8
오빠 저기,8
돼 나의,8
오빠 친구,8
돼 난 그런,8
돼 난 내,8
그럼 영장,8
그럼 영화,8
없잖아 알아,8
걱정 안 해도 되는,8
오빠가 미안해,8
그럼 예쁜,8
오빠가 오면,8
걱정 안 했어요,8
오빠가 이렇게,8
오빠가 좋아하는,8
걱정 안돼,8
오빠는 그,8
그럼 오늘은 여기까지,8
오빠는 안,8
오빠는 여기,8
돼 너를,8
오빠랑 나랑,8
오빠랑 이름이 같은,8
오빠를 더,8
돼 넌 그냥,8
그럼 옳은,8
돼 네게,8
돼 놈들을,8
돼 놈은,8
걱정 없어요,8
그럼 왜 거짓말을,8
돼 누구든,8
그럼 왜 계속,8
돼 누군가는,8
돼 누굴,8
돼 눈,8
오세요 그럼,8
오세요 이런,8
그럼 왜 나랑,8
그럼 왜 그를,8
오세요 정말,8
돼 대체 왜,8
몰랐죠 그,8
돼 데이비드,8
오셨나 봐,8
데려가 주실래요,8
걱정 할 필요 없어,8
돼 돼,8
좀 헷갈려서요,8
돼 됐지,8
돼 두고,8
오솔길을 따라,8
오수 씨는,8
그럼 왜 온 거야,8
그럼 왜 온 거죠,8
오스틴 랭햄,8
돼 또 그,8
돼 뛰어,8
오시는 걸,8
그럼 왜 우리를,8
걱정도 하고,8
오시면 정말,8
오신 거군요,8
돼 말해,8
오신 걸 환영합니다 이,8
오신 걸 환영합니다 전,8
돼 매기,8
오신 것 같네요,8
좀 힘이,8
돼 못 하겠어,8
돼 못 해,8
걱정돼 죽겠어요,8
오실 때마다,8
그럼 우리 그냥,8
돼 문제,8
돼 물러서,8
오어 트릿 트릭,8
오어 트릿 트릭 오어,8
오역 난무,8
돼 물론입니다,8
오역 의역 다수,8
돼 뭐가 안,8
오역이 있을,8
오역이 있을 수,8
나와 안 돼,8
오웬스 선수가,8
돼 믿을,8
나와 야,8
오자고 한 거야,8
오줌 같은,8
걱정돼서 왔어요,8
돼 버려,8
돼 버려서,8
그럼 우리에겐,8
오줌 마려워요,8
오줌 싸지,8
돼 버렸죠,8
오줌 쌀 것,8
오줌 쌌잖아,8
오줌을 누고,8
돼 보면,8
돼 보세요,8
종교에 대한,8
돼 보스,8
내 눈동자,8
종료 항행 지시기 종료,8
오지 마 오지,8
오지 마 오지 마,8
오지 마래이,8
나와 영원히,8
오지 마시오,8
오지 말라,8
돼 비켜,8
오지 말았어야 했어요,8
돼 사람들은,8
해칠 순 없어,8
오지 못해서,8
오지 않기로,8
돼 살아,8
그럼 원하는 게 뭔데,8
걱정되는 게 있어,8
오지 않았겠지,8
오지 않았니,8
종류의 사람들이,8
돼 세,8
오지 않을 겁니다,8
돼 술,8
돼 숨,8
데려가려 했어요,8
종류의 일이,8
돼 시간을,8
종말에 대한,8
데려가려고 했어요,8
몰릴 거야,8
돼 아가씨,8
오직 너와,8
오직 단,8
오직 당신과,8
오직 인간만이,8
돼 아마도,8
종성의 옅은 웃음,8
종신 교수가,8
돼 아무튼,8
그럼 이건 뭐지,8
오질 않아,8
몰아 넣었어,8
방을 나눠,8
돼 아빠랑,8
오카자키 씨가,8
돼 아저씨,8
돼 아직 안,8
오케이 야,8
오케이 어,8
오케이 이제,8
돼 안 그래,8
걱정만 하고,8
없지 결코,8
그럼 이것,8
그럼 이것 좀,8
오키 씨,8
돼 안 되지,8
그럼 이게 내,8
오토바이 경적,8
그럼 이게 뭐야,8
그럼 이게 무슨,8
돼 알고,8
돼 알지,8
오프 더 보트야,8
그럼 이러면,8
돼 애가,8
오픈 케이스,8
종이 울리고,8
종이 위에,8
오해 때문에,8
오해가 있나 본데,8
오해를 좀,8
몸 사리고 있어,8
돼 어째서,8
돼 어쩌면,8
돼 언니가,8
오해하시는 거예요,8
돼 언제든,8
오해하지 않았으면,8
오해한 것 같은데,8
그럼 이유를,8
돼 에,8
오후 네,8
오후 한,8
그럼 이제 가볼게요,8
오후에 같이,8
오후에 그,8
오후에 당신,8
종이를 사락 넘긴다,8
오후에 집에,8
오히려 그게,8
데려간 거 알아,8
없지 대체,8
그럼 이제 네가,8
돼 오늘 밤,8
오히려 이,8
돼 오빠가,8
나와 정말,8
옥상에 있다,8
옥상으로 와,8
제대로 맞았어,8
해피 밸런타인,8
걱정은 안 하셔도 돼요,8
돼 왜 이러는,8
옥현의 놀라는 숨소리,8
온 가족의,8
몸 푸는,8
돼 우린 그냥,8
그럼 이제 어쩔 거야,8
온 거 알면,8
돼 웃기지,8
그럼 이제 집에,8
그럼 이쯤에서,8
걱정은 하지 마라,8
온 거야 잘,8
온 거예요 그래,8
돼 이러다,8
온 거예요 당신이,8
온 거예요 당신,8
온 거예요 제가,8
온 거잖니,8
온 거지 네 세상은,8
걱정은 하지 않아도 돼,8
온 건 네가,8
없지 어쨌든,8
온 건 당신,8
걱정을 너무,8
온 건 우연이,8
온 걸 본,8
온 걸 어떻게,8
돼 일은,8
없지 이봐,8
온 겁니다 무슨,8
그럼 자네를,8
돼 있군요,8
풀었을 때,8
온 것 뿐이에요,8
돼 있다면,8
걱정을 좀,8
돼 있더군요,8
온 것에 대해,8
온 것이 아니라,8
온 것이야,8
돼 있던데,8
게 좋을 수도,8
온 게 아니고요,8
온 게 아니네,8
돼 있었다,8
온 게 아니라는,8
온 게 아니야 내가,8
그럼 잘 지내,8
온 게 아닐,8
없지 지금은,8
온 곳에,8
그럼 잘됐네요,8
그럼 잘못,8
온 길,8
그럼 잘못된,8
그럼 잘해 봐,8
온 날부터,8
온 내가,8
온 놈들,8
돼 잠시만,8
온 데는,8
좋게 보이진,8
돼 저녁,8
데려갈 수도 있어,8
온 메시지를,8
그럼 잭,8
돼 전에,8
온 모양이에요,8
돼 전화,8
그럼 쟤,8
그럼 재밌게,8
걱정이 되기,8
온 배가,8
좋게 해 줄,8
온 사람들이에요,8
그럼 저 여자,8
온 사람들이죠,8
좋게 해줄,8
돼 제시,8
봄이 온다 말을,8
몸에 무리가,8
온 소식,8
온 어 스틱,8
돼 죄송합니다,8
온 여자요,8
그럼 저들을,8
좋겠네 좋아,8
좋겠네요 그,8
데려갔어요 그,8
온 이유를 말해줄게,8
돼 줄게요,8
몸에 붙어,8
좋겠네요 그리고,8
그럼 저와,8
돼 중요한 건,8
온 일을,8
온 작은,8
돼 지금도,8
온 전화예요,8
온 존,8
온 줄 몰랐네,8
좋겠네요 무슨,8
돼 지미,8
온 줄 알고,8
온 지 두,8
온 지 며칠,8
돼 집에서,8
그럼 전쟁,8
온 첫 날에,8
돼 참고로,8
걱정이나 해요,8
좋겠네요 좋은,8
온 편지가,8
그럼 전화로,8
그럼 전화를,8
몸에 얼마나,8
온 힘을 다하고,8
돼 칼,8
온갖 곳에,8
나와는 달리,8
온갖 말썽을,8
온갖 얘기를,8
온갖 일이,8
돼 피터,8
나와는 달라,8
데려갔어 내,8
온다 그래서,8
온다 난,8
온다 말을,8
온다 젠장,8
그럼 제가 이,8
좋겠다 응,8
온다고 해도,8
온다는 얘기,8
돼버린 거야,8
그럼 조용히 해,8
좋겠다 저,8
온디맨드코리아 자막 제공,8
온디맨드코리아 자막,8
돼서 나도,8
온수 욕조가,8
좋겠어 너,8
온종일 안,8
돼서 다행입니다,8
온종일 이,8
게 중요하니까요,8
올 거거든요,8
올 거냐고,8
풍연의 한숨,8
올 거니까요,8
좋겠어 사랑해,8
돼서 여기,8
올 거라고 했잖아,8
그럼 주말에,8
돼서 유감이지만,8
돼서 이렇게,8
좋겠어 응,8
올 거야 나,8
돼서 정말 미안해,8
올 거야 안녕,8
올 거야 왜,8
돼서 집에,8
봅시다 감사합니다,8
엉덩이를 더,8
올 거예요 그래,8
그럼 줄,8
돼야 말이지,8
올 건,8
그럼 즐겁게,8
올 걸 그랬네요,8
올 걸 그랬나,8
올 걸 그랬어,8
돼야 하니까,8
올 것 같습니다,8
좋겠어요 모든,8
걱정하는 건 그게,8
엉덩이를 찰싹,8
올 것이라는,8
좋겠어요 안,8
데려다주기만 하면,8
좋겠어요 알겠습니다,8
올 때까지 기다릴게,8
올 때까지 말이야,8
올 때까지만,8
올 때를 대비해,8
그럼 지금은요,8
게 중요한 것,8
올 때쯤엔,8
올 만큼,8
걱정하는 것 같아,8
올 방법이,8
올 사람이 없는데,8
돼요 그 사람은,8
올 수 없다,8
좋겠죠 하지만,8
좋겠지 내,8
그럼 진짜 좋겠다,8
올 수 있을 거야,8
돼요 그러죠,8
올 수도 있었잖아,8
좋고 나쁨은,8
돼요 그럴 순,8
걱정하는 사람,8
몸을 봐요 내 몸을,8
그럼 차는,8
올 줄은 몰랐다,8
그럼 차에,8
돼요 남편이,8
돼요 내 말,8
걱정하는 척하지,8
올거야 그,8
몸을 숨겨야,8
올게 아냐,8
올게 어서,8
올게 이게,8
돼요 당신한테,8
그럼 최대한 빨리,8
올게 제가,8
걱정하실 거 없습니다,8
올게요 그,8
올게요 난,8
돼요 둘이,8
올게요 아,8
그럼 출발,8
걱정하실 것 없어요,8
돼요 말,8
올게요 지금,8
좋나 보네,8
그럼 칼은,8
올라 가,8
방해하기 위해,8
방해하는 걸,8
올라가 계속,8
돼요 문,8
그럼 택시,8
걱정하지 마 괜찮아,8
올라가서 옷,8
좋네 안녕,8
몸을 웅크리고,8
좋네 안녕하세요,8
돼요 분명히,8
올라갈 것이다,8
방해하려던 건 아니었어,8
올라갈 수 있어요,8
돼요 실은,8
올라온 거,8
올라온 건,8
올라온 지,8
걱정하지 마 나는,8
올랜도 갤러리아,8
올랜도에 오신 것을 환영합니다,8
올랜도에 오신 것을,8
올려 난,8
올려 네,8
돼요 아이,8
올려 놓으십시오,8
올려 더,8
올려 보내요,8
올려 봐요,8
돼요 안돼,8
올려다 보면서,8
그럼 학교에,8
올려도 되겠습니까,8
올려봤어 未来を今に感じた,8
올려봤어 未来を今に感じた 미래가 지금처럼,8
올려봤어 未来を今に感じた 미래가,8
엎어지면 코,8
돼요 어,8
올리고 싶은,8
게 아니에요 정말,8
그럼 한 시간,8
돼요 어제,8
올리는 것도,8
돼요 언제,8
좋네요 한,8
돼요 여기 있는,8
돼요 여러분,8
그럼 해봐요,8
돼요 왜냐하면,8
돼요 우리를,8
돼요 이것도,8
올릴 수 없어,8
나왔습니다 그럼,8
올바른 선택을 할,8
돼요 자네가,8
올지 안,8
올지도 모르고,8
그럼 훨씬 더,8
에 대해 알 수,8
좋다고 했는데,8
그럼 희생자는,8
올해 내가,8
올해 내,8
그럼 힘이,8
돼요 절대 안 돼요,8
그럼에도 불구하고 그는,8
올해는 우리의,8
좋다니 나도,8
에 들어가는,8
좋다면 말이야,8
제도에 대한,8
돼요 조금만,8
몸조리 잘해,8
내 덕분이야,8
그럼요 그건,8
옮겨요 하나,8
옮겼을 거예요,8
방해할 수 있는 건,8
옮기고 싶어요,8
돼요 지난,8
옮기기 위해,8
좋든 싫든 넌,8
좋소 그럼,8
옮기지 마,8
옮긴 게,8
그럼요 금방,8
그럼요 나,8
걱정하지 마요 내가,8
거예요 충분히,8
옮으면 안,8
옮은 것,8
옮은 거야,8
모르겠어 빨리,8
옳고 그른 건,8
그럼요 내일,8
돼줄 수,8
그럼요 넌,8
그럼요 다,8
옳다고 생각합니다,8
그럼요 다들,8
돼지 달,8
옳다는 건 아니지만,8
돼지 똥,8
돼지 두,8
옳다는 게,8
그럼요 당신이,8
옳아요 난,8
옳았 어,8
옳았다는 거야,8
옳았단 걸,8
옳았던 것 같다,8
돼지 세,8
옳았던 것 같아,8
그럼요 더,8
제로 물질,8
옳으신 말씀입니다,8
돼지도 아니고,8
옳은 것 같아,8
거예요 카메라,8
그럼요 뭐,8
됐고 그게,8
옳은 결정을 한,8
옳은 결정이라고,8
됐고 나도,8
옳은 말만,8
그럼요 사실,8
그럼요 아빠,8
옳은 일을 위해 죽는,8
됐고 사랑하는 여자가,8
됐고 사랑하는,8
그럼요 안녕,8
됐고 사랑하는 여자가 죽는,8
옳은 일을 하다,8
옳은 일을 하라,8
걱정하지 않도록,8
그럼요 어서,8
옳은 일을 할 거야,8
에 전화한,8
좋아 괜찮을,8
옳은 일을 했을,8
옳은 일이란,8
걱정하지 않아요,8
됐나 보죠,8
됐나 본데,8
옳지 않다는 건,8
됐네 나도,8
됐네 내,8
옳진 않지만,8
옴짝달싹 못,8
에 초점을,8
됐네 왜,8
옷 갈아입고 올게요,8
그럼요 진짜,8
옷 버린 거 다시,8
옷 벗겨,8
에너지를 다,8
옷 벗을까요,8
그런 기술은,8
옷 안 입어,8
옷 어때요,8
됐는데 네가,8
됐는데 당신이,8
됐는데 말이야,8
옷 입는 것도,8
옷 입는 게,8
옷 입으니까,8
옷 입으신,8
그렇게 간단하면,8
에덴 프레리,8
옷 줘,8
못 가져가요,8
그렇게 간단한 게 아니에요,8
가죽 바지를,8
됐는지 알려줘,8
옷도 안 입고,8
옷도 입고,8
됐는지 알잖아,8
그렇게 간단한 일이 아니야,8
됐는지 잘,8
됐는지도 몰라,8
게 최악의,8
옷은 필요,8
그렇게 강하게,8
옷을 너무,8
옷을 두고,8
옷을 몇,8
옷을 벗게,8
옷을 벗기,8
됐다 아,8
옷을 벗는다,8
좋아 다른 걸,8
옷을 사고,8
옷을 사러,8
옷을 입기,8
옷을 입고요,8
옷을 입는다고,8
옷을 입다,8
옷을 입어라,8
옷을 입었고,8
됐다고 그래,8
옷을 입었죠,8
옷을 입었을,8
옷을 입으려고,8
됐다고 생각합니다,8
옷을 잘못,8
옷을 제대로,8
됐다고 전해,8
그렇게 굴지,8
됐다고 해요,8
그렇게 궁금한,8
됐다고 했잖아요,8
됐다고 했지,8
에드워드 왕자를,8
옷장 뒤에,8
옷장 뒤에서,8
옷장 속,8
옷장 속에서,8
그렇게 그들은,8
됐든 내가,8
걱정할 일은 아니야,8
됐든 안 됐든,8
그렇게 급히,8
와 고마워요,8
에디 네,8
와 괜찮아요,8
와 괜찮을,8
됐습니다 그럼,8
와 그럴,8
됐습니다 아니,8
됐습니다 오늘,8
됐습니다 이게,8
됐습니다 이건,8
와 놓고,8
와 달라고 했어,8
와 닿는,8
됐습니다 지금,8
와 들어와,8
데로 가는,8
됐어 가서,8
와 뭐라고,8
와 바로,8
됐어 곧,8
와 보면,8
와 보지,8
와 본 적 있어요,8
됐어 그걸,8
데로 갈게,8
와 봤는데,8
그렇게 나쁘진 않네,8
됐어 그러면,8
좋아 시간이,8
그렇게 나쁘진 않을,8
에린의 자부심,8
됐어 나중에,8
와 얘들아,8
에린의 자부심 주홍색 머리의,8
에린의 자부심 주홍색,8
걱정할거 없어,8
와 엄청,8
에밀 커츠를,8
에밀리 그리고,8
됐어 다 됐어,8
와 이것,8
와 이래,8
와 이미,8
와 이쪽으로 와,8
됐어 됐다고,8
됐어 두,8
와 있었구나,8
그렇게 너무,8
와 저게,8
됐어 뭔가,8
그렇게 네가,8
와 저희 죽을,8
걱정해야 되는,8
와 주다니,8
됐어 빌어먹을,8
와 주셔서 기뻐요,8
와 주셨네요,8
에밀리는 내가,8
에밀리를 위해,8
와 집에,8
그렇게 놔두면,8
와 혼자,8
좋아 움직여,8
와도 되죠,8
와도 봄이 온다,8
와도 봄이,8
됐어 여긴,8
에밋 스투시는,8
와본 적 있어요,8
걱정해주는 건 고맙지만,8
걱정해주는 사람이,8
와봐 무슨,8
와봐 보여줄,8
와봐 어서,8
와봐 이리,8
걱정해주셔서 감사합니다,8
와서 가져,8
그렇게 느끼는 거야,8
와서 그리고,8
됐어 잘됐네,8
그렇게 느낀다면,8
됐어 저기요,8
와서 다행이네요,8
됐어 제,8
그렇게 늙지,8
됐어 조금만 더,8
와서 데리고,8
됐어 좋았어,8
와서 모두,8
좋아 적어도,8
그렇게 단순하지 않아요,8
좋아 전에,8
못 나가죠,8
됐어야 했는데,8
못 나가지,8
와서 서로,8
와서 술,8
와서 아버지를,8
와서 아주,8
그렇게 당하고도,8
와서 앉으렴,8
와서 여기서,8
와서 이거 좀 봐,8
그렇게 대하지,8
그렇게 대한,8
건 가족,8
건 간단한,8
됐어요 네가,8
와서 정말 좋아,8
와서 좀 도와줘요,8
됐어요 당신을,8
건 감사해요,8
됐어요 됐어,8
건 같아요,8
됐어요 둘,8
에스테판 콘서트,8
됐어요 둘 다,8
에스트라다의 가석방,8
와야 하나,8
그렇게 됐고요,8
그렇게 됐군,8
와요 같이,8
와요 그냥,8
그렇게 됐는지 모르겠어,8
와요 몇,8
와요 또,8
와요 뭐,8
됐어요 아무도,8
됐어요 아빠가,8
와요 오늘은,8
와요 우리가,8
됐어요 어느,8
와요 전,8
그렇게 됐으니,8
됐어요 어차피,8
됐어요 엄마,8
됐어요 여긴,8
됐어요 이리,8
됐어요 이미,8
와이퍼 플루이드의,8
와인 다,8
에이 제이 쿡 키얼스틴,8
에이 제이 쿡,8
와인 마시면서,8
됐어요 잘했어요,8
와인 스타,8
와인 시음,8
그렇게 되는 거죠,8
됐어요 전부,8
와인 한 잔을,8
와인 한 잔 주세요,8
좋아서 집에,8
좋아서가 아니라,8
와인에 대한,8
와인을 마시며,8
와인을 마시면서,8
와인이 좀,8
와일드 미디어''의,8
됐어요 하지만 난,8
됐어요 하지만 난 막을,8
와있는 것,8
건 건드리지,8
그렇게 되면 내가,8
됐으니까 나가,8
소문이 빨리,8
됐으니까 내,8
와줘서 고마워 그래,8
그렇게 되실,8
됐으면 좋겠네요,8
그렇게 되어야,8
됐으면 합니다,8
에이전트 오브,8
와플 먹으러,8
됐을 거야 난,8
건 경찰,8
그렇게 되지 않을 것이다,8
완벽하게 준비해야,8
됐을 수도 있죠,8
완벽하진 않았지만,8
됐을 테니까,8
완벽한 건 아니지만,8
됐을지 몰라요,8
완벽한 기록을,8
에인션트 원의,8
완벽한 사람을,8
건 고등학교,8
완벽한 상태로,8
완벽한 여자,8
그렇게 된 것이다,8
완벽한 인간은,8
못 돌아,8
됐죠 그건,8
완벽한 짝을,8
됐죠 그는,8
완벽해 난,8
됐죠 네,8
그렇게 된다고,8
自由も平和も 자유도 평화도,8
완벽해야 한다고,8
완벽해요 고마워요,8
됐죠 무슨,8
됐죠 모든,8
완성되지 않은,8
엑스 짓,8
그렇게 될 거야 내가,8
됐지 그래,8
됐지 그리고,8
완전 귀엽지,8
데리고 밖으로,8
완전 끔찍해,8
완전 꽉,8
건 관심 없고,8
그렇게 될 것입니다,8
완전 늦었다,8
완전 달라요,8
됐지만 그,8
그렇게 될 순,8
피가 멈추질,8
됐지만 이젠,8
데리고 여기를,8
건 관심도,8
되가고 있나요,8
그렇게 될 줄 알았어,8
완전 멋졌어요,8
완전 멍청한,8
되거나 네,8
완전 무슨,8
완전 무장,8
좋아요 오늘 밤,8
되거든 그리고,8
되거든 난,8
완전 반대,8
완전 범죄,8
엔딩 크레딧,8
완전 부럽다,8
되거든 왜,8
그렇게 될지도,8
완전 신난다,8
완전 엉망이잖아,8
완전 옛날,8
건 괜찮잖아,8
되게 두지 않을,8
見つけちゃったよ 자리를 발견했어 だからもう,8
완전 이상해요,8
못 둬요,8
완전 잊고,8
그렇게 두지 않을거야,8
되게 맛있어,8
완전 제,8
되게 비싸,8
그렇게 두진 않을 거예요,8
완전 좋았어,8
되게 오랜만에,8
완전 쩔어,8
완전 쪼다네,8
그렇게 둘 순 없지,8
되게 잘하시네요,8
되게 잘해,8
그렇게 들려,8
완전 통제,8
그렇게 들려요,8
완전 행복해,8
건 그 애가,8
그렇게 들었소,8
되게 하소서,8
완전히 끝난,8
되게 해 줄,8
완전히 낯선,8
완전히 다르잖아,8
완전히 다른 사람으로,8
완전히 다를,8
좋아요 좋아요 좋아요,8
되겠네 네,8
완전히 동의해,8
완전히 딴사람이,8
완전히 마음을,8
되겠네 왜,8
좋아요 제일,8
완전히 망쳤어요,8
되겠네 이제,8
완전히 망했다고,8
완전히 믿지,8
완전히 믿을,8
건 그것 뿐이야,8
완전히 반대로,8
건 그것밖에,8
되겠다 무슨,8
되겠다 싶어서,8
완전히 새로운 삶을,8
그렇게 만들기,8
완전히 실패한,8
완전히 안전하다고,8
되겠어 난,8
그렇게 만들어진,8
완전히 이해할,8
되겠어 네,8
완전히 잘,8
데리고 있대,8
엔필드 초등학교,8
좋아질 거,8
되겠어요 이,8
완전히는 아니에요,8
그렇게 많은 걸,8
왈츠를 출,8
그렇게 많은 사람들을,8
왓킨스 씨,8
왓킨스 여사님,8
엘라 드,8
왔 어,8
되겠죠 좋아요,8
왔고 이,8
되겠지 그게,8
왔구나 왜,8
되겠지 아니,8
되겠지 우리,8
왔네 뭐,8
왔네 아,8
되겠지 이젠,8
좋아하는 거 아니에요,8
그렇게 말고요,8
왔네 우리,8
그렇게 말도 안 되는,8
되겠지만 내가,8
왔네요 안녕하세요,8
왔네요 우리,8
왔는데 계속,8
데리러 가기,8
되고 그러면,8
왔는데 또,8
왔는데 뭘,8
왔는데 아,8
되고 나도,8
왔는데 어디,8
왔는데 이제 와서,8
왔는데 이젠 이곳에 없어,8
왔는데 이젠 이곳에,8
거예요 혈액,8
왔는데요 아,8
내 동생이지,8
왔는지 그리고,8
왔는지 모르겠네,8
되고 말 거예요,8
되고 말았죠,8
되고 말야,8
왔는지 아시죠,8
왔는지 아세요,8
되고 뭐,8
그렇게 말하게,8
왔는지 왜,8
왔는지 하지만,8
왔는지 확인해,8
왔는지도 전혀 몰라요,8
그렇게 말하겠지만,8
왔다 갔는데,8
왔다 갔다 하면,8
왔다 그래서,8
되고 싶어 했어,8
왔다 우리는,8
되고 싶어한다,8
좋아하는 남자도,8
되고 싶었거든요,8
왔다 죽으러 온,8
왔다 지금,8
나의 귀여운,8
왔다고 말했다,8
왔다고 생각하나,8
왔다는 거지,8
데리러 갈거야,8
거예요 호텔,8
왔단 말야,8
되고 싶죠,8
왔던 거군요,8
왔던 걸,8
되고 싶지 않았어,8
되고 싶지는 않아,8
왔던 사람이,8
되고 싶진 않지만,8
좋아하는 사람이 날,8
그 여파가,8
왔습니다 나는,8
왔습니다 누가,8
왔습니다 여긴,8
왔습니다 왜,8
왔습니다 우리가,8
건 그쪽이야,8
좋아하는 색깔이,8
되고 있는 것,8
왔어 거의,8
왔어 걱정,8
나의 달콤한,8
왔어 그녀는,8
왔어 그들이,8
그렇게 말한 것,8
왔어 너희,8
되고자 했던,8
그렇게 말한 적 없어요,8
되기 때문이다,8
왔어 몇 시간,8
왔어 무슨 일,8
왔어 빨리,8
왔어 아주,8
왔어 여기야,8
왔어 여보세요,8
왔어 와,8
건 기억해요,8
왔어 이번,8
되기로 했죠,8
좋아하는지 모르겠어,8
왔어 잘 지냈어,8
되기만 하면,8
피라미드 텍스트,8
되기를 원한다,8
왔어 조금만,8
왔어 좋은,8
왔어 좋아요,8
왔어 차,8
왔어야 해,8
되긴 해요,8
왔어요 계속,8
여 개의,8
그렇게 말해야 해,8
왔어요 그러니까,8
되길 바라지 않아,8
여 년 동안,8
왔어요 나는,8
나의 모든 것이야,8
왔어요 대체,8
그렇게 말했거든,8
되나 모르겠네,8
왔어요 어,8
되네 그,8
못 만날까,8
왔어요 여보세요,8
왔어요 왜요,8
되네 내,8
왔어요 이걸,8
왔어요 이봐요,8
왔어요 잠깐만,8
되네 이제,8
왔었어요 그,8
왔었어요 하지만,8
되는 거 같은데,8
그렇게 맛있는,8
되는 거 맞지,8
왔을 거에요,8
왔을 것이다,8
왔을 때 기억나,8
왔을 때 당신,8
되는 거 아니오,8
그렇게 먹고,8
왔을 때 이미,8
왔을 때가,8
왔을 리,8
데만 집중해,8
되는 거군,8
왔을 줄,8
왔을 테니까,8
되는 거란다,8
왔죠 그래서,8
여기 갑니다,8
왔죠 그리고,8
왔죠 내가,8
왔죠 네,8
좋아하지 않을까,8
건 나밖에 없으니까 난,8
왔죠 우리,8
되는 거야 넌,8
왔지 고마워,8
여기 경찰,8
되는 거야 우린,8
왔지 좋아,8
배드 플레이스의,8
좋아한다고 생각해요,8
왔지만 이제,8
왕 같은,8
되는 거죠 그,8
왕가 강도 살인 사건,8
건 나뿐인,8
왕건의 옅은 한숨,8
왕건의 웃음,8
되는 거지 난,8
되는 거지만,8
되는 건 싫어요,8
왕국에 대해,8
나의 삶은,8
왕국의 수호자,8
건 나에게,8
여기 계신 분,8
그렇게 무례하게,8
피를 컥,8
왕욱과 왕소의,8
그렇게 무섭게,8
왕으로 만들,8
그렇게 무책임한,8
건 나요,8
되는 것 같았어요,8
왕은 절대,8
그런 말 듣고,8
왕은의 힘주는,8
되는 것들,8
왕을 죽인,8
좋아할지 몰라서,8
왕의 핸드를,8
왕이 그,8
왕이 되셔야,8
그렇게 믿는 게,8
건 나한테는,8
왕이 된 건,8
좋아해 그런,8
그렇게 믿어야,8
되는 게 아니잖아요,8
데워 올게,8
되는 경우가,8
데이 때,8
못 믿겠소,8
좋아해서 다행이야,8
못 믿겠어 내가,8
왕후 전하,8
왜 가는데요,8
여기 남아 있어,8
왜 가져가지,8
왜 가져온,8
되는 듯이,8
그렇게 보냐,8
그렇게 보십니까,8
여기 남을게요,8
왜 갔습니까,8
되는 방법은,8
건 내 알 바,8
되는 법이죠,8
왜 같이 안 왔어요,8
왜 걔,8
왜 걔랑,8
그렇게 보이고,8
왜 거기서 나와,8
왜 거짓말 했어,8
왜 거짓말을 하는,8
왜 거짓말을 하겠어요,8
되는 생각이야,8
왜 거짓말했죠,8
왜 걱정을,8
되는 소리 마요,8
왜 게임을,8
되는 소리를 하고 있어,8
그런 말 없었잖아,8
나의 오빠였다,8
왜 공격을,8
건 내가 더,8
왜 그 사람들을,8
되는 얘긴,8
거요 그렇다면,8
왜 그 얘길,8
건 내가 아니라 너야,8
왜 그걸 갖고,8
왜 그걸 몰라,8
되는 일로,8
못 믿지만,8
왜 그냥 죽이지,8
거요 그렇지,8
여기 누르고,8
왜 그땐,8
건 내가 알아서,8
되는 줄 아나 봐,8
되는 줄 알아요,8
왜 그랬나 몰라,8
왜 그랬는데요,8
왜 그랬는지 모르겠네요,8
되는 쪽으로,8
왜 그랬는지 이해가,8
왜 그랬는지도,8
그렇게 부르는데,8
네 요새,8
되는거 알아,8
되는거 아닙니까,8
왜 그러고 있어요,8
되는걸 원치,8
되는데 괜찮아,8
그렇게 부르면 안,8
건 너 뿐이야,8
왜 그러는지 알겠다,8
왜 그러면,8
되는데 나,8
왜 그러시나요,8
왜 그러시는 거죠,8
왜 그러신 거죠,8
되는데 넌,8
왜 그런 거니,8
되는데 당신은,8
되는데 말이죠,8
되는데 미안해,8
나의 전부,8
왜 그런 눈으로 봐,8
왜 그런 말씀을 하시는,8
여기 더 있어야 돼요,8
왜 그런 생각이,8
왜 그런 생각을 해요,8
건 너를,8
그렇게 불러야,8
왜 그런 짓을 하지,8
되는데 저,8
그렇게 불렀다,8
왜 그런대요,8
되는데 혹시,8
되는데 한,8
왜 그런지 모르겠네요,8
왜 그런지 이해하지 않아요,8
건 너무나,8
그렇게 비참하게,8
되는지 보여,8
왜 그럽니까,8
되는지 보죠,8
여기 도착하기,8
왜 그렇게 그,8
되는지 아나,8
되는지 아시죠,8
못 받으니까,8
되는지 알죠,8
건 너뿐이다,8
그렇게 빨리해,8
되니 기분이,8
왜 그렇게 신경을,8
왜 그렇게 싫어해,8
되니까 너,8
왜 그렇게 힘들게,8
되니까 빨리,8
좋은 가격을,8
건 너에게,8
그렇게 살 순,8
왜 그리움은,8
왜 그만둬,8
왜 그와,8
그렇게 살고 싶어요,8
왜 그쪽을,8
그렇게 살기,8
되니까요 이,8
왜 길을,8
왜 꺼내요,8
왜 나 같은,8
왜 나 혼자,8
피에르 베주코프,8
왜 나랑 같이,8
왜 나를 그냥,8
되다니 믿을 수가,8
왜 나를 안,8
좋은 거래야,8
왜 나온 거야,8
왜 나한테 그,8
왜 나한테 말하는,8
되돌려 놓고,8
소원 들어주는,8
왜 나한테 물어보는,8
그렇게 생각안해요,8
왜 나한테 이러는 거야,8
좋았어 좀,8
되돌리고 싶어요,8
되돌리고 싶지,8
되돌리고 싶지만,8
왜 난 안 돼,8
되돌리는 게,8
되돌리는 데,8
그렇게 생각하고 있어,8
되돌릴 거야,8
데이터 업로드,8
왜 날 돕는 거야,8
거요 다,8
피우고 올게요,8
왜 날 못 죽였어,8
왜 날 보자고,8
왜 날 보러,8
왜 날 여기로 데려온,8
왜 날 위해,8
그렇게 생각하냐,8
왜 날 찾아,8
왜 날 쳐다봐,8
왜 남,8
되돌릴 수 있으면,8
왜 낯이,8
되돌릴 순 없어요,8
왜 내 인생을,8
왜 내 전화를,8
왜 내가 널 믿어야,8
왜 내가 아직,8
왜 내가 해,8
건 누구나 다,8
왜 너같은,8
되든지 아니면,8
왜 너희들을,8
왜 너희를,8
왜 넌 항상,8
되라는 거야,8
여기 머무르게,8
좋은 결과는,8
왜 누가 그랬을까,8
왜 누군가를,8
그렇게 생각하시나요,8
왜 누나가,8
왜 누워,8
그렇게 생각하신다면,8
그렇게 생각하실,8
왜 다들 내,8
왜 당신만,8
되면 그 때,8
왜 당장,8
가 감사합니다,8
좋은 곳이 될,8
왜 데리고 온 거야,8
왜 도망가요,8
왜 도망치는,8
왜 도움이,8
그렇게 생각한다는,8
좋은 구경거리를,8
왜 돌아온 거죠,8
나이 때부터,8
왜 뒤져요,8
왜 듣고,8
좋은 그런,8
왜 들여보낸,8
왜 따라오는,8
왜 때렸어,8
왜 또 날,8
왜 또 이렇게,8
왜 똥,8
왜 뛰어,8
게리 쿠퍼,8
여기 못 오게,8
되면 뭐가,8
되면 뭐든,8
그렇게 생각해본,8
왜 마이크를,8
그렇게 생각해서,8
되면 반드시,8
데이터베이스에 있는,8
제안은 이거야,8
왜 만났어,8
왜 만든,8
왜 말 안 하셨어요,8
왜 말귀를,8
왜 말귀를 못,8
되면 아주,8
왜 말하는,8
그렇게 생각했어 하지만,8
그렇게 생각했어요 그래서,8
좋은 날이잖아,8
되면 어느,8
가 계시면,8
왜 멈춘거지,8
그렇게 생각했죠 하지만,8
왜 명령을,8
여기 뭔가를,8
되면 엄마가,8
좋은 남편,8
왜 몰랐죠,8
그렇게 서 있으면,8
되면 왜,8
왜 무서운,8
그렇게 서두를,8
되면 우리도,8
그렇게 서둘러서,8
왜 문제야,8
되면 이제,8
그렇게 세,8
되면 저는,8
그렇게 세월이,8
되면 전화,8
그렇게 속,8
그렇게 속이,8
왜 방해하는,8
소중하게 생각해,8
여기 병원이야,8
되면 항상,8
가 교차로에서,8
되면요 안,8
왜 보통,8
좋은 데 가서,8
건 다 했잖아,8
되살아날 수,8
그렇게 쉬웠으면,8
왜 불렀지,8
되서 좋다,8
건 다들 알아,8
그렇게 쉽지 않아,8
왜 사람은,8
왜 사사건건,8
왜 사서,8
왜 산 거야,8
되신 거,8
데이트 앱에서,8
되실 거야,8
그렇게 시간을,8
왜 소리는,8
왜 소리를 지르고,8
왜 속도를,8
왜 소식이,8
왜 속삭여요,8
왜 속삭이는 거야,8
그렇게 시작된,8
되어 기뻐,8
그렇게 시작하는 거죠,8
그렇게 시작하는 거야,8
건 단 한 가지,8
좋은 방법도,8
왜 신경쓰는데,8
왜 신고 안,8
왜 신고하지,8
그렇게 신경써,8
왜 실종 신고를,8
가 그래요,8
되어 버렸다,8
왜 싸우고,8
되어 유감이에요,8
되어 우리,8
나이가 어떻게 되세요,8
되어 있거든,8
되어 있나,8
왜 아무 말도 안했어,8
왜 아무도 말이,8
왜 아무도 말이 없죠,8
그렇게 싸우는,8
소중한 에린의,8
왜 아직 안 자,8
되어 있을 거야,8
되어 있잖아,8
되어 있지 않다,8
건 당신만이,8
왜 안 갔어요,8
되어 정말 기뻐요,8
여기 살거든,8
왜 안 나오지,8
피터 안녕,8
왜 안 되는 거야,8
왜 안 들어와,8
가지 말고요,8
왜 안 왔죠,8
그렇게 안 보이겠지만,8
그렇게 안 불러요,8
그렇게 안 살아,8
왜 알고 싶은,8
그렇게 안 좋은,8
왜 애,8
못 봤을 수도,8
왜 애초에,8
왜 얘기를 안,8
데이트라도 해,8
되었다 그,8
그렇게 안하면,8
그런 말이 아니었어,8
왜 엄마랑,8
되었다 기술의,8
되었다 기술의 위험한,8
왜 없겠어,8
되었다 기술의 위험한 발전은,8
되었다 내가,8
그렇게 알아요,8
되었든 간에,8
되었습니다 그리고,8
되었습니다 저는,8
왜 여기 있는지 알아,8
그렇게 약하지 않아,8
왜 여기까지 온,8
했다 해도,8
왜 여기서 자고,8
그렇게 얘기하죠,8
왜 여기있는지,8
왜 여기죠,8
되었죠 하지만,8
여기 손을,8
피터슨 와이어트의,8
왜 여자한테,8
되요 그럼,8
왜 여태껏,8
가 나를,8
되요 네,8
왜 연락도,8
왜 열려 있지,8
여기 숨어있어,8
왜 오랫동안,8
되잖아 그러면,8
되잖아 나도,8
데이트를 했어,8
그렇게 어렵지 않아,8
그렇게 어렵지는,8
왜 왔는가,8
왜 왔는지 알잖아,8
왜 왔던,8
그렇게 얻은,8
왜 우냐,8
되잖아 지금,8
가 난 여기,8
왜 우리가 당신,8
왜 우리까지,8
그렇게 예의,8
했다고 말이야,8
그렇게 오래 걸리지,8
왜 우릴 여기로,8
왜 우릴 죽이려,8
되잖아요 당신이,8
건 더욱,8
그렇게 오래 기다릴,8
왜 울지,8
되잖아요 우리,8
건 더이상,8
되잖아요 전,8
되잖아요 제가,8
되잖아요 지금,8
그렇게 오래 안,8
왜 이 길로,8
건 도움 안,8
왜 이걸 못,8
왜 이래 나,8
왜 이랬어,8
되죠 다들,8
왜 이러는 거냐,8
되죠 모든,8
왜 이러는지 모르겠네,8
되죠 아니,8
되죠 어쨌든,8
왜 이런 거지,8
되죠 여기서,8
그렇게 웃어요,8
그렇게 웃을,8
되죠 우리는,8
그렇게 원하는,8
왜 이런 일이 생기는지,8
되죠 이봐요,8
되죠 자,8
그렇게 원한다면,8
여기 앉아 있으면,8
가 너한테,8
왜 이런 짓을 해요,8
왜 이런일을,8
건 두 분이,8
그렇게 위험한 짓,8
그렇게 위험한 짓 한,8
왜 이렇게 관심이,8
왜 이렇게 까칠해,8
왜 이렇게 낯이,8
그렇게 이기는 거야,8
왜 이렇게 늦으셨어요,8
되지 그러다,8
왜 이렇게 많아요,8
건 둘 다에게,8
제어할 수 있어,8
되지 그렇게,8
그렇게 이해하기,8
왜 이렇게 안 오는,8
왜 이렇게 안와,8
왜 이렇게 오래 걸리죠,8
왜 이렇게 이상하게,8
여기 앉을래,8
왜 이렇게 차가워,8
좋은 샴페인을 터트리지,8
되지 말자고,8
왜 이렇지,8
왜 이름,8
데클란 하프를,8
왜 이리 늦어,8
되지 못했던,8
왜 이제 얘기해,8
왜 이제 와서 이런,8
그렇게 자연스럽게,8
왜 이쪽,8
그렇게 잔인하게,8
그렇게 잘 알면,8
건 따로 있어요,8
왜 자꾸 날 그렇게,8
왜 자꾸 따라와,8
왜 자꾸 일을,8
왜 자신이,8
되지 않았다고,8
왜 잘못된,8
그렇게 잡으면,8
왜 장갑을,8
그렇게 재밌는,8
왜 쟤가,8
왜 저녁,8
되지 않으려고요,8
가 닉,8
되지 않을 거라고,8
되지 않을 수도,8
왜 저런대요,8
왜 저런데,8
왜 저렇게 됐는지,8
되지 않지,8
그렇게 전하겠습니다,8
되지 어떤,8
그렇게 전할게,8
그렇게 절박한,8
되지 이리,8
왜 전화하는 거야,8
건 똑같잖아,8
왜 젊음은 젊은이에게 주기,8
되지 젠장,8
왜 제대로,8
되지 진짜,8
왜 제임스,8
되지는 않아,8
왜 좋아하는지 알아요,8
왜 좋아해,8
되지는 않을 것이다,8
왜 죽어요,8
되지도 않은,8
왜 죽었어요,8
왜 죽었어,8
건 마찬가지예요,8
왜 죽여야,8
되지만 내가,8
왜 죽인 거야,8
왜 죽인 거지,8
속 율의 목소리,8
왜 지금 얘기해,8
되진 않겠지,8
그렇게 좋을,8
가지 말았어야지,8
그렇게 죽게,8
되진 않을거야,8
그런 문제가 아니에요,8
왜 찾는 거죠,8
왜 찾죠,8
그렇게 중요하죠,8
여기 없을지도,8
가 도착하면,8
그렇게 중요한 걸,8
되찾기 위해서라면,8
좋은 아빠였어요,8
여기 오고 나서,8
되찾는 거지,8
왜 특별한,8
왜 편지를,8
되찾아 줄,8
왜 폭탄을,8
좋은 아침 아침,8
피해가 갈,8
건 말씀,8
왜 필요한 거죠,8
델타 포스,8
왜 하는 겁니까,8
왜 하는거야,8
왜 하는지도,8
되찾을 때가,8
건 말이 안 되죠,8
피해를 보는,8
좋은 애라고,8
왜 할머니,8
되찾을 수만,8
되찾을 수만 있다면,8
가 되면,8
가지 맛을,8
왜 했냐고,8
가 되지,8
왜 했죠,8
왜 헤어졌어,8
왜 협상을,8
왜 혼자 여기,8
왜 화가 나는데,8
된 거 같은데요,8
그렇게 크지는,8
왜 훔쳐,8
도 방향,8
왜냐면 그건 내가,8
왜냐면 그렇게,8
왜냐면 나,8
된 거라,8
왜냐면 난 그냥,8
그렇게 특별하지,8
된 거야 그,8
여기 오셨네요,8
된 거야 그럼,8
왜냐면 넌 날 피할,8
된 거야 난,8
된 거야 그리고,8
된 거야 네,8
피해를 입힌,8
왜냐면 엄마가,8
왜냐면 여긴,8
왜냐면 오늘,8
좋은 음식과,8
좋은 웃음,8
왜냐하면 그는 알고,8
왜냐하면 그들,8
왜냐하면 내가 그렇게,8
왜냐하면 너무,8
여기 오지마,8
된 건지 모르겠지만,8
그렇게 하고 싶으면,8
여기 온 거고요,8
그렇게 하고 있어요,8
왜냐하면 오직,8
된 건진 모르겠지만,8
된 걸 축하한다,8
왜냐하면 지금은,8
왜들 그러는,8
왜들 저래,8
그렇게 하나,8
왜인지 알겠다,8
왜인지는 모르지만,8
된 것 같나,8
좋은 일들,8
그렇게 하는 거 아냐,8
된 것 같아 그래,8
왠지 내,8
건 몇 가지,8
건 몇 달,8
된 것과,8
왠지 이상한,8
가 만약,8
왠지 제,8
왠진 모르지만,8
왠지는 몰라도,8
왠진 몰라도,8
외 출입금지'',8
가 말도,8
외계 문명이,8
외계 문명을,8
외계 생명체들에,8
외계 생명체들에 의해,8
된 것입니까,8
외계 행성,8
된 게 아니에요,8
외계인 기술을,8
가 맞다,8
외계인 기원을,8
여기 온 적 없는,8
가지 못한,8
건 모르겠어,8
된 기분이죠,8
건 모르잖아,8
외계인이 될,8
건 모르지,8
외과 의사를,8
외과병동으로 오세요,8
외과의가 되고,8
된 느낌,8
가 멈춰,8
외곽의 작은,8
된 느낌이에요,8
좋은 자리로,8
건 모릅니다,8
그렇게 하셔야,8
외로운 남자를,8
나중에 데리러 올게,8
외로운 별,8
건 몰랐나,8
그렇게 하잖아요,8
외로워 보여,8
외로워 보여요,8
좋은 점이 있다,8
좋은 정보가,8
했대요 그리고,8
된 삶을,8
그런 분위기가,8
외부 차원을,8
외부 차원을 빨아들이고,8
내가 못 할 줄,8
그렇게 하지는,8
외에 아무도,8
외에는 다,8
그렇게 한 거예요,8
그렇게 한 겁니다,8
모르는 놈,8
외엔 설명이,8
외우고 있어요,8
했더니 이,8
그렇게 한 이유는,8
외운 거야,8
그렇게 한거야,8
외워야 해요,8
건 못 해요,8
못 잡아먹어 안달이야,8
외출 금지다,8
건 무리라고,8
외출도 하고,8
외치는 걸,8
외치는 남자,8
그런 비밀을,8
건 무슨 뜻이죠,8
왼쪽 끝,8
왼쪽 눈은,8
건 무슨 일이,8
왼쪽 엔진을,8
왼쪽 엔진은,8
왼쪽 엔진이 작동,8
그렇게 할 수 있도록,8
왼쪽 주머니,8
좋은 출발이,8
게임 하는 거,8
게임 하는 거야,8
왼쪽으로 꺾어서,8
된 치료를,8
좋은 친구네요,8
여기 왔나요,8
요 새끼,8
요 요,8
그렇게 할겁니다,8
요가 펫,8
좋은 친구이자,8
요광의 가쁜,8
픽처 뉴스,8
요광의 아파하는 신음,8
못 죽어요,8
요구를 들어줘야,8
요구를 하고,8
요구에 응하지,8
그렇게 해 내,8
그렇게 해 내가,8
요구하는 것,8
요구할 때,8
그렇게 해 주고,8
건 뭐든 하게,8
요구했을 때,8
봐 말 안 했는데,8
된다 좋아,8
요다 사부님은,8
요래 요래,8
된다고 그런,8
여기 왜 이래요,8
요리 잘해,8
된다고 들었어,8
좋은 학교도,8
요리도 잘하고,8
그렇게 해보자,8
요리를 좋아해요,8
요리하는 거야,8
요새 같은,8
요새 그런,8
그렇게 해야 돼,8
요새 어떻게,8
요새 완전,8
요새 왜 그래,8
된다고 생각했지,8
요새 진짜,8
그렇게 해야만 해,8
요아킨 페레야,8
요약할 수,8
건 뭐랄까,8
된다고 하셨어,8
요원 깁스,8
못 지킬 것,8
그렇게 해주시면,8
요원 말이,8
그 위에 있어,8
요원 살해,8
요원 안녕하세요,8
요원 어떻게,8
요원 우리는,8
그렇게 해줬으면,8
된다는 거네,8
요원들은 정문으로,8
필라델피아 경찰,8
된다는 거잖아,8
요원에 대해서,8
요원을 죽일 거야,8
된다는 것만,8
요원이 아니에요,8
그렇게 했으면,8
가 버리라고,8
요전날 밤에,8
된다는 생각에,8
요점이 뭐냐,8
요점이 아니야,8
요점이 아닙니다,8
요정 가루를,8
요주의 인물이에요,8
된다면 나도,8
된다면 넌,8
요즘 너무 많은,8
요즘 다시,8
요즘 당신이,8
요즘 뜨는,8
요즘 뭐 하고,8
된다면 우린,8
된다면 전,8
요즘 생각이,8
그렇게 화를 내는,8
요즘 세상이 얼마나,8
된단 거죠,8
그렇게 확신하세요,8
건 바로 너잖아,8
요즘 이상하게,8
요즘 일,8
요즘 잘 안,8
요즘 잠을 잘 못,8
가 보고 싶었어,8
요즘 제일,8
요즘 집에,8
좋을 지도,8
여기 있는 거 싫어,8
요즘엔 뭐,8
될 거 있나요,8
요즘은 뭐,8
좋을것 같습니다,8
요청 바람,8
요청 바란다,8
요청 중,8
그렇게까지 말할,8
요청을 받았다,8
요청을 안,8
가 보는 건 어때,8
될 거라 생각해,8
될 거라고 생각한,8
나중에 엄마가,8
요청한 것,8
될 거라고 생각했는데,8
가 보는 게 좋을,8
건 변함없어,8
그렇게나 많이요,8
내 말 듣고 있니,8
요청했을 때,8
요추 천자,8
요트 타고,8
욕 하는,8
욕구 때문에,8
욕되게 하지,8
될 거야 같이,8
될 거야 고마워요,8
욕심내면 안,8
좋지 그,8
욕심이 많아,8
도대체 무슨 생각을 하는,8
욕이 아니라,8
욕정의 노예가,8
좋지 당신,8
게임을 시작해 볼까,8
될 거야 그리고 나는,8
건 보고 싶지 않아,8
욕한 건,8
될 거야 그리고 넌,8
욕해서 미안해요,8
용 브레스,8
그렇게만 된다면,8
용감하다고 생각해요,8
용감한 사람은,8
용감한 시민상을,8
될 거야 내가 널,8
용감해야 해,8
될 거야 너와,8
될 거야 누가,8
그렇겐 못하지,8
용기가 있어,8
될 거야 두,8
용기를 낸,8
될 거야 뭐라고,8
용기를 북돋아,8
용기를 주고,8
용기를 주시고,8
용기만 있으면,8
좋지 않으세요,8
속에서 살아야,8
용납 못해요,8
여기 있는 줄은,8
용납하지 않을 것이다,8
그렇겠죠 당신,8
될 거야 어떤,8
용맹히 싸워서,8
될 거야 엄마,8
용서 해줘,8
용서를 구하려고,8
여기 있다 내,8
될 거야 이번,8
제일 적은,8
용서받지 못,8
될 거야 잠깐,8
용서치 않을 것이다,8
용서하지 않을 거다,8
용서할 순,8
그렇겠지 뭐,8
용서해 주게,8
될 거예요 그게,8
될 거예요 그래서,8
될 거예요 날,8
용암 동굴,8
좋지 그냥,8
될 거예요 다른,8
그렇겠지만 난,8
용의가 있어요,8
용의자 도주,8
용의자 명단을,8
용의자 목록이,8
용의자 수배,8
그렇고 그게,8
용의자가 아닙니다,8
그렇고 그럼,8
될 거예요 한,8
배짱이 있어,8
용의자는 없어,8
그렇고 그리고,8
용의자를 찾을,8
용의자와 함께,8
될 겁니다 그들이,8
그렇고 누가,8
그렇고 다른,8
여기 있어 뭐,8
우는 거 아니야,8
우는 거니,8
건 비밀도,8
그렇고 또,8
여기 있어 다음 화,8
우는 걸 봤어,8
우는 것을,8
가 본 지,8
우당탕 소리가,8
여기 있어 바로,8
될 겁니다 어떻게,8
될 겁니다 우리가,8
될 겁니다 우리는,8
될 겁니다 이게,8
될 겁니다 전,8
그렇고 우리가,8
우리 가게로,8
건 사고가,8
그렇고 저,8
그렇고 저도,8
우리 가문과,8
여기 있어 이게,8
우리 가야해,8
우리 가족 모두를,8
못 하겠어 너무,8
될 것 같았습니다,8
그렇고요 그,8
될 것 같았죠,8
우리 가족에게서,8
죄를 용서하시고 저희를,8
우리 가족은 내가,8
우리 가족은 이,8
그렇고요 하지만,8
가지 방법이다,8
과연 그랬을까,8
우리 가족을 보러 왔는데,8
건 사람의,8
될 것 입니다,8
우리 가족처럼,8
우리 가치를,8
될 것으로 보입니다,8
우리 갈 거야,8
가 볼게요 그래,8
우리 감정을,8
될 것이다 그리고,8
될 것이다 난,8
될 것이다 우리,8
도대체 어떻게 한,8
될 것이다 우리의,8
될 것이다 이,8
그렇구나 무슨,8
될 것이라고 생각한다,8
죄를 지은 것도,8
못 하겠어요 제가,8
우리 걸로,8
될 게 있어,8
그렇구나 이제,8
그렇구나 저,8
죄송하다고 했잖아요,8
될 곳을,8
우리 결정을,8
우리 결혼식에서,8
될 놈은,8
우리 경찰들은,8
우리 계좌에,8
될 때 옳은,8
될 때 옳은 일을,8
될 때까지 계속,8
될 때는,8
될 때도 있어요,8
우리 공,8
될 때면,8
될 땐,8
속이 더,8
우리 공연,8
우리 공주님이,8
그렇군 좋아,8
우리 과장님,8
우리 관계에 대해서,8
우리 괜찮아요,8
될 말이죠,8
우리 괜찮지,8
우리 교회를,8
우리 구면이죠,8
우리 국민,8
될 뻔했지,8
우리 국민들이,8
될 뿐 아니라,8
그런 생각 마,8
그렇군요 그렇게,8
건 상상할 수,8
건 상상할 수도,8
여기 있었소,8
우리 그럼,8
그렇군요 다른,8
우리 기관은,8
우리 기분을,8
될 수 없다는 거,8
우리 기술자가,8
우리 길,8
우리 길동이,8
여기 있었을 텐데,8
될 수 없을 거야,8
우리 꼴을 봐,8
우리 꿈꿔,8
우리 꿈꿔 잭,8
우리 나갈 수,8
그렇군요 알았어요,8
우리 나이엔,8
건 생각만,8
우리 내부,8
우리 노는 방식,8
그렇군요 음,8
우리 노래야,8
우리 놈이야,8
가 봐도 될까요,8
그렇군요 잘됐네요,8
여기 있으면 안된다,8
될 수 있어 내가,8
가 봐서,8
그렇군요 정말,8
건 생전 처음,8
그런 생각까지,8
될 수 있으며,8
네 지금까지,8
그렇군요 좋은,8
우리 단체는,8
그렇군요 진짜,8
우리 당은,8
그렇군요 한,8
죄송합니다 아휴,8
우리 대원들이,8
될 수가 없어요,8
될 수가 있어,8
우리 도시는,8
우리 도시에서,8
건 세상을,8
될 수도 있었다,8
가 봐야 하지,8
우리 동생을,8
그렇긴 하지 하지만,8
여기 있을 게,8
우리 둘 다 안,8
죄송합니다 지금은,8
우리 둘 다 알죠,8
될 운명이라고,8
될 위험이,8
건 술,8
될 이유는,8
우리 둘 다 평범한,8
우리 둘 다한테,8
가 봐야 해서,8
우리 둘 사이,8
될 일이다,8
우리 둘만 있게,8
우리 둘만 있으면,8
우리 둘만의 시간을,8
될 정도예요,8
될 정보가,8
우리 둘을 위한,8
그렇다 그래서,8
그렇다 그렇다,8
우리 둘이 이렇게,8
죄송해요 다시는 안,8
우리 뒤에서,8
우리 드디어,8
우리 뒷마당에서,8
될 줄 알았거든,8
우리 딱,8
우리 따로,8
건 쉽지 않죠,8
우리 딸만,8
그렇다 한들,8
우리 때가,8
우리 땅이야,8
그렇다 해도 내,8
될 줄은 생각도,8
못 한다는 거예요,8
될 진,8
우리 루이,8
여기 있지만 신은 가까이,8
그렇다고 네,8
우리 만난 지,8
우리 만난적,8
될 필요 없어,8
우리 말 좀,8
우리 말야,8
우리 말이에요,8
우리 매장,8
그렇다고 말하면,8
그렇다고 말할 수,8
될거야 그게,8
우리 모두 괜찮을 거야,8
건 시간문제일,8
우리 모두 그냥,8
도로 서쪽으로,8
건 시간문제죠,8
우리 모두 그렇죠,8
우리 모두 그렇지 않나요,8
모르는데 내,8
될거야 아주,8
우리 모두 마찬가지야,8
그렇다고 믿는다,8
우리 모두 우리,8
될거야 좋아,8
우리 모두 자네가,8
우리 모두 해야 할,8
우리 모두가 한,8
될까 봐 두려워,8
우리 모두를 위해서요,8
우리 모두를 죽이려,8
될수 있는,8
우리 모두를 파괴할,8
우리 모두에게 도움이 될,8
우리 모두에게 중요한,8
우리 모두에게 이,8
우리 모두에게도,8
겨냥하고 있어,8
건 실수가,8
그렇다고 이런,8
우리 목숨도,8
우리 목표를,8
우리 몫,8
죄인을 위하여 빌어 주소서,8
우리 몸에서,8
우리 무기,8
될지 모르는데,8
우리 무슨 얘기,8
우리 문,8
될지 모르지,8
가 사이에,8
우리 물건들을,8
우리 뭐 하는 거죠,8
우리 뭐하는 거에요,8
가 살짝 웃는다,8
될지 안 될지는,8
우리 민,8
그렇다고 한다면,8
건 싫다고요,8
우리 민족에게,8
될지 알잖아요,8
우리 믿음을,8
제자 테레사 아나,8
그렇다고 할 순,8
우리 발밑에,8
죄송합니다 아이,8
우리 밤을 지새워요,8
될지도 모르겠다,8
우리 방식이지,8
될지도 모르지만,8
여기 주소를,8
우리 배에서,8
우리 버스,8
필요는 없었지,8
그렇다고 했어,8
우리 병사,8
우리 보물을,8
됩니다 고마워요,8
됩니다 고맙습니다,8
우리 보통이,8
우리 보호,8
됩니다 그러니,8
우리 부모님들은,8
주 같은,8
우리 부부를,8
그런 생각할,8
됩니다 누가,8
우리 뿐이에요,8
그렇다는 것,8
가 숨을,8
건 싹,8
그렇다는 말은,8
우리 사랑에,8
그렇다니 정말,8
그렇다니까 난,8
여기 책임자,8
여기 찾았어,8
건 아내가,8
우리 사이에 그런,8
우리 사이에 더,8
됩니다 어서,8
됩니다 여러분이,8
그렇다면 그게,8
우리 사이에 어떤,8
우리 사이에 있는,8
됩니다 이게,8
건 아냐 넌,8
우리 살,8
그렇다면 그의,8
됩니다 좋은,8
우리 삶의 방식이,8
그렇다면 나를,8
됩니다 폐하,8
여기 카메라가,8
건 아네만,8
우리 생각보다 훨씬,8
우리 생일 축하합니다,8
우리 생활,8
두 가지 방법,8
그렇다면 다시,8
못 해 더는,8
우리 서방,8
손 뗀 줄,8
그렇다면 다행이군,8
두 가지 방법이 있어요,8
우리 선생님이,8
우리 선수,8
두 가지 선택권을,8
그렇다면 당신의,8
우리 세 사람의,8
우리 세계는,8
우리 세금,8
도망 못 간다,8
우리 세상,8
우리 세자가,8
우리 셋다,8
우리 셋과,8
두 갈래,8
우리 소유의,8
우리 소장님,8
우리 소파에서,8
두 개 남았어,8
두 개 달린,8
두 개 이상의,8
두 개 있는데,8
우리 손을 떠난,8
그렇다면 어떤,8
두 개 중,8
두 개 줘,8
가 아니지,8
건 아니고 내,8
우리 시,8
우리 시간 없어,8
건 아니고 내가,8
가지 아,8
주 전에 내,8
못 해 자,8
그렇다면 이런,8
우리 식량을,8
두 개의 거대한,8
그렇다면 이번,8
여기가 그가,8
우리 신랑,8
우리 신입,8
우리 신혼여행,8
가 아무도,8
우리 싸운,8
우리 싸움이,8
우리 아가 잘,8
우리 아가씨를,8
우리 아기들은,8
우리 아기들,8
우리 아기요,8
두 경기,8
우리 아내가,8
가 아저씨,8
우리 아들 정말,8
두 골을,8
그렇다면 좋은,8
우리 아들을 죽였어,8
가 아직도,8
건 아니다 하지만,8
우리 아래에,8
가지 아이디어가,8
두 군데서,8
건 아니라고 생각해,8
두 그룹,8
우리 아버지를 죽였어,8
여기가 네 자리야,8
우리 아빠 때문에,8
우리 아빠 차를,8
우리 아빠가 이걸,8
우리 아빠는 절대,8
두 녀석을,8
두 눈 똑바로,8
나타난 그,8
우리 아직 얘기,8
두 눈을 감은,8
두 눈을 감은 채,8
두 눈을 똑바로,8
우리 앉아서,8
여기가 바로 이,8
여기가 바로 그곳이다,8
두 단어가,8
못 해요 당신이,8
못 해요 더,8
우리 애 좀,8
필요하게 될거야,8
가 알겠습니다,8
우리 애들과,8
우리 애들이야,8
내 말 한,8
그렇습니다 내,8
우리 야,8
가 알겠어요,8
우리 약속한,8
주겠어 내,8
건 아니야 그게,8
우리 얘기 다,8
그렇습니다 당신은,8
우리 얘기 하는 거야,8
우리 얘기하는,8
여기가 어디냐,8
건 아니야 그렇게,8
여기가 어디냐면,8
두 도시,8
우리 어머니야,8
우리 어쩌면,8
그렇습니다 저는,8
그렇습니다 제,8
우리 엄마 집에,8
우리 엄마가 그렇게,8
그렇습니다 지금,8
우리 엄마는 어디,8
우리 엄마를 죽였어,8
두 명 더 있어,8
우리 엄마에요,8
두 명 사망,8
우리 엄마한테도,8
우리 없이는,8
우리 엉덩이,8
그렇죠 감사합니다,8
그렇죠 같이,8
우리 여기 있잖아,8
두 명을 더,8
우리 여기서 나가자,8
두 명의 남자가,8
두 명의 알렉,8
건 아니야 우린,8
우리 역도부가,8
두 명이 있다,8
두 명이 있어요,8
우리 영상,8
두 명이다,8
우리 영혼이,8
두 명이면,8
우리 영화 보러,8
우리 영화는,8
건 아니었네,8
우리 예쁜이들,8
우리 오랜만에,8
우리 오빠야,8
우리 올,8
두 발로 걷는,8
두 배가 될,8
우리 용의자는,8
우리 우리가,8
두 배로 올릴,8
그렇죠 두,8
그렇죠 또,8
우리 위로,8
우리 위원회를,8
주고 있네,8
그렇죠 아니면,8
우리 은행에,8
그렇죠 아버지,8
우리 의견은,8
우리 의도를,8
우리 의뢰인을,8
그렇죠 안,8
우리 이대로,8
여기까지 들려,8
우리 이러면 안 돼,8
우리 이렇게 하자,8
우리 이사님,8
우리 이야기가,8
못 했어 그래서,8
우리 이전에,8
두 번 후,8
우리 이제 다,8
그렇죠 이게,8
우리 인생에서 가장,8
그렇죠 자,8
손가락 끝에,8
두 번이나 날,8
우리 일이고,8
두 번째 것은,8
우리 일정이,8
주기도 해요,8
두 번째 기회야,8
두 번째 단계,8
두 번째 문제는,8
그렇죠 지금은,8
주기를 바라는,8
두 번째 일,8
우리 자신을 보호하기,8
주기만 해,8
건 아니에요 이,8
우리 잘못도,8
두 번째 피해자가,8
우리 잘못이에요,8
우리 잘해,8
두 번째네요,8
가 예,8
건 아니였어,8
우리 전략을,8
그렇지 그러니,8
주긴 했는데,8
내 말부터 들어요,8
그렇지 그럴,8
필요하신 거 있으세요,8
우리 정보원은,8
손가락만 까딱해도,8
우리 정부에서,8
그렇지 그렇고,8
우리 정신을,8
두 부류의,8
우리 조국을,8
우리 조금만 더,8
우리 조상은,8
두 분 다 돌아가셨어요,8
우리 조카사위,8
그렇지 날,8
우리 졸라,8
우리 좀 도와줄래,8
우리 좀 도와주세요,8
우리 좀 봐요,8
두 분 사이에 무슨,8
두 분 오늘,8
두 분 중 누가,8
우리 주님,8
두 분 참,8
우리 주변엔,8
우리 죽어,8
도망치기 위해서,8
두 분은 서로,8
그렇지 또,8
우리 중에 배신자가,8
우리 중에는,8
우리 중의,8
우리 지구로,8
두 분이 우리,8
여기까지인 것,8
두 분이 정말,8
주길 원했다,8
그렇지 뭐가,8
그렇지 미안,8
두 분이세요,8
두 분이에요,8
우리 직업은,8
건 아니지 않습니까,8
그렇지 벌써,8
우리 직접,8
우리 진짜로,8
주는 게 좋겠어,8
우리 집사람은,8
우리 집사람도,8
건 아니지만 그냥,8
우리 집에 가,8
우리 집에 가는,8
모르잖아 당신이,8
두 사람 다요,8
우리 집에 누가,8
우리 집에 몰래,8
우리 집에 오는,8
우리 집에 올래,8
두 사람 아는,8
그렇지 않,8
그렇지 않거든,8
우리 집에서 지내,8
나한테 거짓말 한,8
우리 집에요,8
우리 집으로 가,8
두 사람만의,8
두 사람씩,8
우리 집이 아니야,8
나한테 거짓말만,8
우리 집이랑,8
우리 쪽 사람을,8
우리 쪽 사람이야,8
우리 쪽의,8
우리 차례예요,8
우리 착한 아들,8
우리 천사들,8
두 사람이 날,8
우리 추억을,8
그렇지 않다고 해도,8
그렇지 않다는 거 알아,8
우리 친구도,8
나한테 거짓말하면 안,8
우리 친구잖아요,8
건 아닌 것 같네,8
가 이상 무,8
우리 카페,8
그렇지 않다는 것이다,8
주니 고맙네요,8
두 세계가,8
우리 탓,8
두 세트의,8
두 손 두 발,8
젠장 너희,8
우리 파일에,8
두 수,8
그렇지 않아 그건,8
우리 편이 될,8
두 시간 남았어,8
그렇지 않아 그냥,8
우리 편이라,8
우리 편이라는,8
두 시간 뒤,8
우리 편인 것,8
우리 편인가,8
우리 편일,8
우리 프로그램에,8
여기는 함교,8
건 아닌거,8
그렇지 않아 날,8
여기도 곧,8
우리 할 얘기,8
그렇지 않아 당신은,8
두 아들은,8
여기도 그렇고,8
두 아이도,8
도망칠 것,8
우리 합의,8
우리 행동을,8
우리 행성이,8
우리 헤어져요,8
우리 허락 없이,8
그렇지 않아 이건,8
우리 형과,8
그렇지 않아 평생,8
우리 형제들,8
우리 환자,8
두 잔 부탁해요,8
우리 회의,8
건 아닐지,8
두 잔은,8
건 아닐지도 몰라,8
우리가 가,8
우리가 가까운,8
건 아닐테고,8
그렇지 않아요 전,8
우리가 가는 거야,8
우리가 가야 한다고,8
그렇지 않아요 하지만,8
그렇지 않았기,8
여기로 데려다,8
도망칠 수 있어요,8
우리가 가져갈 수,8
우리가 가족이 된,8
우리가 가지고 있는 것은,8
우리가 가지고 있지 않은,8
두 집안이,8
두 집을,8
그렇지 않으니,8
우리가 감수해야,8
우리가 감옥에서,8
두 추를,8
우리가 같은 걸,8
그렇지 않으면 그,8
그렇지 않으면 그들은,8
우리가 같은 생각을,8
우리가 개발한,8
못하겠어 네가,8
도망칠 필요,8
건 아무 도움도,8
우리가 거절하면,8
주려고 가져온,8
그렇지 않으면 당신은,8
그렇지 않으면 여기,8
두 피해자와,8
그렇지 않으면 우린,8
우리가 계속해서,8
네 파일에,8
여기로 모두,8
그렇지 않으면요,8
두 희생자는,8
못하겠어요 할,8
못하겠지만 난,8
우리가 과거를,8
못하고 그냥,8
그렇지 않은 사람들은,8
우리가 구하러,8
우리가 국경을,8
우리가 그 정도,8
우리가 그걸 할,8
그렇지 않을 때,8
두고 가긴,8
건 아무것도 없죠,8
그렇지 않을까요,8
두고 가려니,8
우리가 그런 짓을,8
우리가 그런 일을,8
두고 가서요,8
두고 가시면,8
주로 무슨,8
우리가 그를 잡을 수,8
우리가 그를 쫓고 있다는,8
우리가 그리,8
그렇지 어떤,8
건 아무도 못,8
여기로 온 거네,8
가 있었죠,8
건 아무도 신경,8
우리가 기다리는,8
여기로 온다고,8
건 아무도 신경 안,8
우리가 꺼내줄게,8
그렇지 엄마,8
우리가 끝난,8
우리가 끝낼 수 있어,8
그렇지 여기서,8
두고 갈 수는 없어요,8
두고 갈 테니,8
우리가 너랑,8
나한테 그런식으로,8
우리가 너무 늦었어,8
가 있을 거예요,8
우리가 너흴,8
그렇지 응,8
두고 갔다,8
두고 갔습니다,8
우리가 널 집에,8
우리가 널 흔들어,8
우리가 널 흔들어 줄게,8
그렇지 이봐,8
우리가 놓친 게 있을,8
두고 다시,8
주말에 가자,8
우리가 다시는,8
두고 떠났지,8
두고 또,8
필요한 때야,8
두고 문을,8
내가 물어보고,8
건 아예,8
우리가 덫을,8
여기를 떠나지,8
우리가 데려간다,8
주말을 위해,8
우리가 도망치는,8
우리가 도와야 해요,8
우리가 도와줄까,8
우리가 도울 일이,8
네 편지는,8
우리가 도착할 때까지,8
우리가 돈을 얼마나,8
두고 봐 난,8
건 안 되는 거야,8
우리가 두려워,8
두고 싶어서요,8
우리가 들어가면,8
두고 싶은데,8
우리가 땅을,8
두고 안 가요,8
여기를 잘,8
그렇지만 곧,8
우리가 마을을,8
그렇지만 그냥,8
우리가 마주친,8
우리가 막아야 해요,8
건 안 좋아요,8
우리가 막을게,8
두고 올 수,8
건 안 통해,8
못하면 내,8
우리가 만난 적이 있나요,8
우리가 만난 이후,8
우리가 만드는 건,8
겪게 돼,8
두고 왔어야,8
우리가 만든 거야,8
못하면 다,8
우리가 만약에,8
건 안 합니다,8
그렇지만 당신이,8
우리가 말할 수,8
우리가 망쳤어,8
우리가 맡는다,8
그렇지만 솔직히,8
우리가 머리를,8
두곤 안 가,8
두근두근 여름날,8
여기서 그가,8
우리가 못 본,8
건 알 거야,8
가 저녁,8
우리가 무언가를,8
그렇지만 저,8
우리가 뭉치면,8
건 알 텐데,8
주면 당신을,8
우리가 뭔가를 해야,8
건 알겠군,8
건 알겠고,8
우리가 뭘 하는지도,8
우리가 뭘 하면,8
가지 않을꺼야,8
두는 사람이,8
두도록 해요,8
우리가 바랬던,8
두드렸을 때,8
우리가 밖에서,8
두드리는 소리가 들린다,8
그렇진 않은,8
우리가 밤낮으로,8
두들겨 맞을,8
우리가 병원에,8
우리가 보내는,8
여기서 꺼내 줄게,8
두라고 해,8
두라고 했어요,8
건 알겠어요 하지만,8
우리가 본 것은,8
두려운 겁니다,8
우리가 부를,8
두려운 것은,8
겪고 나서,8
우리가 비행기를,8
우리가 뽑은,8
못한 것들을,8
우리가 사귀기,8
우리가 사귀는 걸,8
했어 어쩔,8
그레이 구스,8
우리가 사랑하는 사람들,8
우리가 사업을,8
필요한데 내가,8
우리가 살게,8
두려움에 떨,8
그레이가 네,8
그레이가 네 동생을,8
그레이가 네 동생을 쐈어,8
두려움에 떨지,8
우리가 살아있다는 걸,8
필요한지 아직도,8
주무세요 안녕히,8
뱀 선생,8
두려움을 가지고,8
못한 말이,8
우리가 상상할 수,8
우리가 새로,8
주무실 거야,8
우리가 생각하는 것,8
두려워 나도,8
우리가 서로 도울,8
우리가 서로 도울 수,8
그레이스 순경,8
나한테 돌아오지,8
우리가 선을,8
우리가 선택할 수 있는,8
여기서 끝내요,8
우리가 성공한다면,8
우리가 소중히,8
두려워서 그래요,8
우리가 손에,8
건 알아 그게,8
주문을 걸어서,8
두려워하고 있는,8
두려워하고 있습니다,8
주문을 외워야,8
여기서 끝내야 해,8
건 알아 그래서,8
그레이슨 매너에서,8
우리가 신의,8
우리가 실패한,8
우리가 싸우고 있는,8
우리가 싸우지,8
우리가 싸워야,8
우리가 쌓은,8
두려워하지 않죠,8
우리가 아는 모든 것,8
주민들 만나서 얘기 나누고,8
여기서 나가야 할,8
우리가 아버지의,8
우리가 아이들을,8
우리가 아직 모르는,8
우리가 안다는 걸,8
그레이조이의 함대가,8
두렵기 때문이야,8
우리가 알게 된,8
졌어 내가,8
우리가 알아내는,8
그레이트 노던,8
우리가 알아낼 수 있을,8
우리가 알아야 할 게,8
여기서 나가야만,8
우리가 애를,8
두리와 현우의,8
두리의 걱정하는,8
두리의 비명,8
우리가 어디에서 왔는지,8
그려야 돼,8
우리가 어떻게 그를,8
우리가 어떻게 도울 수,8
우리가 어떻게 도울,8
그려져 있었어요,8
가 줘야,8
그려줄 수,8
그렸다 생존자들의 요청으로가명으로,8
우리가 엄청난,8
우리가 없는 동안,8
건 알지만 그런,8
건 알지만 그렇다고,8
그로 하여금,8
그 일 있고 나서,8
두명 다,8
두명 더,8
두바이에 있는,8
우리가 여기 있는 이유야,8
그로스 씨가,8
건 알지만 나도,8
우리가 여기에 온,8
우리가 예상했던 것보다,8
두산 베어스의,8
두세 개,8
도시의 가장,8
우리가 온다고,8
우리가 옳다고,8
도시의 다른,8
두세 번은,8
건 알지만 우리가,8
그룹에 속해,8
우리가 왔어요,8
우리가 왔으니까,8
두셔도 돼요,8
그 일과는,8
거의 쏠,8
주사를 안,8
네 헛소리를,8
우리가 원하는 걸 얻을,8
두어 블록,8
우리가 원하지 않는,8
건 알지만 좀,8
그를 감시하고,8
두어야 한다,8
그를 감싸고,8
못할 문제는,8
가 차,8
두에인 리드,8
건 알지만 하지만 나는,8
우리가 이걸 어떻게,8
우리가 이걸 할,8
두영의 아파하는 신음,8
건 알지만 한,8
우리가 이긴 거야,8
건 알지만요,8
우리가 이러는 게,8
두지 않는 거야,8
우리가 이미 가지고,8
두지 않았어요,8
그를 교수형에,8
우리가 이해하지 못하는,8
겪어 보지,8
주세요 돈은,8
두지 않을거에요,8
두지 않을게요,8
우리가 읽은,8
건 약간의,8
겪어 본 적이,8
우리가 있고,8
우리가 있는 걸,8
두지는 않을 거야,8
우리가 있는 곳,8
두진의 가쁜,8
주세요 모든,8
우리가 자길,8
주세요 뭔가,8
우리가 잠시,8
주세요 벌써,8
우리가 잡고,8
우리가 잡을 수,8
둔 게 있어,8
못할 짓이야,8
그를 꺼내야,8
그를 꺼내야 해,8
우리가 저번에,8
그를 끌어낼,8
건 어디서 배웠어요,8
둔기 외상으로,8
우리가 제공한,8
우리가 제공할 수,8
둘 거고,8
우리가 주의를,8
둘 게 있어요,8
우리가 죽음의,8
둘 그리고,8
둘 낳고,8
둘 다 각자의,8
우리가 지금 하고,8
가 허드슨,8
주세요 어서요,8
둘 다 갖고,8
우리가 지낼,8
우리가 지역,8
우리가 지키는,8
못해 그러니까,8
우리가 질문을,8
건 어떻게 아세요,8
우리가 쫓고 있는,8
둘 다 그런 것,8
그를 데려가지,8
우리가 찾길,8
우리가 찾아야 해요,8
둘 다 난,8
그를 데려오지,8
가 흐느낀다,8
그를 데려온,8
우리가 찾을게,8
둘 다 널,8
가거나 아니면,8
우리가 책임져야,8
우리가 총에,8
네 힘의,8
우리가 추적할 수,8
우리가 추측할 수,8
건 어떻니,8
우리가 치료한 게,8
둘 다 무사해,8
우리가 친구가 될 수,8
우리가 친구라는,8
못해 만약 내가,8
건 어려울,8
버는 데,8
우리가 탈,8
둘 다 새로운,8
우리가 틀렸어요,8
여기서 무엇을 하고,8
나쁜 놈한테,8
주셔서 감사하고,8
우리가 평소에,8
우리가 풀어야,8
우리가 필요하지,8
둘 다 안녕,8
우리가 필요할 때,8
가게 난,8
주셔서 감사했어요,8
못해 여기,8
우리가 하는 말을,8
우리가 하는 일이지,8
우리가 하죠,8
주셔서 정말 기뻐요,8
그를 들여보내라,8
둘 다 완전히,8
도와달라는 거야,8
못해 전,8
둘 다 원하는 걸,8
둘 다 원해,8
우리가 할 수 없다고,8
둘 다 이리,8
우리가 할 일이죠,8
둘 다 있어요,8
그를 떠났다,8
우리가 해 온,8
우리가 해 줄,8
가게 놔뒀어요,8
우리가 해결할거야,8
그를 막아야만,8
가게 놔주질 않아,8
우리가 해낼 수 있을까,8
둘 다 죽을 수도,8
둘 다 죽일거야,8
건 얼마든지,8
우리가 해야 할 일이야,8
우리가 해야지,8
우리가 해야만 하는,8
둘 다 진짜,8
가게 놔주질,8
우리가 해줄 수,8
둘 다 총을,8
둘 다 취해서,8
우리가 헤어지기,8
우리가 현장에,8
둘 다 하면 안,8
우리가 협력하면,8
못해서 죄송합니다,8
우리가 혹시,8
우리가 혼자가 아니라는,8
둘 다 해,8
가게 됐고 사랑하는,8
둘 다거나,8
우리가 힘들게,8
둘 다겠지,8
둘 다는 안,8
가게 됐고 사랑하는 여자가,8
우리같은 사람들을,8
둘 다를 위해,8
우리끼리 비밀로 하자,8
우리끼리 얘기인데,8
못해요 나,8
둘 다의,8
그를 만질,8
둘 다일 수도 있지,8
우리끼리만 알고 있으면,8
우리나라에서 제일,8
가게 됐습니다,8
우리는 가지고 있지 않다,8
둘 모두와,8
우리는 갇혔다,8
둘 바를 모르겠네요,8
가게 됐잖아요,8
그를 믿나,8
우리는 결혼을,8
우리는 고려해야,8
우리는 고통을,8
둘 생각은,8
그를 믿으면,8
둘 생각이야,8
둘 셋 하나 둘,8
가게 되고,8
우리는 그 이유를,8
둘 수 없어서,8
그를 믿지 않아요,8
못해요 제가,8
건 없던,8
우리는 그것을 어떻게,8
우리는 그냥 할,8
우리는 그냥 할 수,8
그를 밖으로 내,8
우리는 그들보다,8
우리는 그들을 찾을,8
우리는 그럭저럭,8
우리는 그럴 것이다,8
그를 발견했을,8
우리는 그렇다,8
나한테 묻는다면,8
우리는 그렇지 않다 하지만,8
둘 여기서,8
우리는 그를 데리고,8
둘 이,8
그를 버렸어,8
그를 버리고,8
우리는 기다려야,8
그를 보게,8
우리는 나가서,8
우리는 끝장이야,8
건 없어 나도,8
우리는 노력하고,8
그를 보호하는,8
그런 일 절대,8
둘 중에 누가 더,8
우리는 답을,8
우리는 당신을 위해,8
둘 중에 하나,8
그를 보호해야,8
둘 중에 하나만,8
도와주기로 했잖아,8
가게 될 거다,8
우리는 동의했다,8
우리는 될 수,8
둘 필요는,8
우리는 둘다,8
우리는 뒤에,8
우리는 들어갈,8
둘다 내가,8
그런 일만,8
우리는 마지막,8
우리는 마치,8
둘러 보세요,8
우리는 많은 시간을,8
둘러 싸여,8
우리는 말을,8
건 없어요 그건,8
우리는 모릅니다,8
그를 비난할,8
둘러싸여 있어요,8
그를 사라지게,8
둘리 국장님,8
주십시오 전,8
우리는 미래를,8
주십시오 이것만 있으면 자유,8
못했어 나도,8
가게 될지도,8
둘만 있을 수,8
둘만 한,8
둘만의 시간,8
우리는 보고,8
우리는 본다,8
그를 살려,8
우리는 불을,8
우리는 사람들에게,8
우리는 사실상,8
둘은 계속,8
그를 생각나게,8
둘은 나가,8
우리는 새로운 전략이,8
우리는 새로운 전략이 필요하다,8
우리는 생각하고,8
우리는 생명을,8
우리는 서둘러,8
그를 설득해야,8
우리는 서로를 잘,8
우리는 세계,8
겪을 수도,8
우리는 시간을 여행하며 타임,8
우리는 시간을 여행하며,8
둘은 여전히,8
그를 쓰러뜨려라,8
우리는 실제,8
그를 아세요,8
둘은 한,8
우리는 아직 모른다,8
건 없을 것,8
우리는 알아내야 한다,8
둘을 모두,8
둘을 잘,8
둘을 죽였어요,8
그를 알아보지,8
우리는 얻고,8
우리는 얻었다,8
핌멜 라게르사 캐서린,8
둘이 가장,8
우리는 오늘 이,8
우리는 오래,8
둘이 같이 있으면,8
그를 얻을,8
둘이 거기서,8
감사해요 여기,8
우리는 우리가 무엇을,8
여기서 일한다,8
우리는 우리만의,8
건 여기 다 있어,8
우리는 우리의 모든,8
건 여기 있어,8
둘이 나가서,8
둘이 나란히,8
우리는 이곳을,8
가게 밖에서,8
우리는 이미 알고 있다,8
나한테 보여줄,8
손을 잡아주세요,8
우리는 인류,8
그를 원했다,8
여기서 자라고,8
나한테 볼일,8
우리는 잘 알겠니,8
둘이 몇,8
여기서 자란,8
둘이 문제가,8
우리는 제,8
우리는 조금 더,8
주의 지상 충돌,8
주의 충돌 주의 충돌,8
우리는 준비가되어,8
여기서 잘 수,8
둘이 사귀는 거야,8
주의 팔에,8
둘이 사귀는 줄,8
우리는 지구,8
건 영리한,8
우리는 지역,8
우리는 집,8
우리는 집에서,8
둘이 살아,8
우리는 집중해야,8
둘이 서로 아는,8
그를 잡기,8
여기서 절대 못,8
주의를 돌리는,8
주의를 다른,8
도와주셔서 정말 고마워요,8
그를 잡아야 한다,8
둘이 앉아서,8
우리는 하기로,8
둘이 얘기를,8
우리는 하지 않았어,8
묘사되어 있습니다,8
둘이 얘기할 수 있게,8
우리는 한동안,8
건 오빠,8
우리는 할 수있다,8
둘이 어제,8
그를 잡을 거야,8
우리는 합의를,8
우리는 해낼 수,8
둘이 연인,8
게 없다면 왜,8
여기서 제일 가까운,8
우리는 현장,8
우리는 현실을,8
묘사해 보세요,8
둘이 완전히,8
그를 절대,8
우리도 가야지,8
우리도 간다,8
우리도 그건,8
그를 좋아하고,8
우리도 그랬어,8
우리도 그럴 거야,8
우리도 그의,8
주인은 어디 있지,8
여기서 죽인,8
그를 좋아해요,8
둘이 조용히,8
주인이 누구죠,8
우리도 돈,8
그를 죽여야 해,8
우리도 모르게,8
우리도 문제가,8
둘이 친해,8
우리도 아는 게,8
둘이 친했잖아,8
그를 죽였다는,8
둘이 키스하는,8
우리도 알고 있어,8
우리도 왔어,8
건 용감한,8
우리도 이렇게,8
우리도 저런,8
둘이 해결할,8
그를 죽이겠다고,8
우리도 죽일 거야,8
그를 죽이고 싶어,8
거의 죽을 뻔했는데,8
우리도 처음엔,8
도와준 거죠,8
우리들 각자들은,8
우리들 각자들은 법을,8
그를 죽이려는,8
둘이서 얘기해,8
둘이서 얼마나,8
나한테 선물을,8
우리랑 같이 가는,8
둘이서 하는,8
가게 주인은,8
둘이서 저녁,8
둘이서만 얘기,8
우리랑 같이 있어요,8
우리랑 다른,8
우리랑 똑같아,8
가게 주인의,8
나한테 설명할,8
여기서 편하게,8
여기서 편히,8
건 우리 모두 알고,8
우리를 공격하기,8
우리를 괴롭히는,8
우리를 구하기,8
우리를 구하기 위해,8
우리를 기다리고 있어,8
그를 지켜보고,8
건 우리니까,8
우리를 끌어,8
둬 그리고,8
우리를 다 죽일,8
우리를 도와주면,8
우리를 도와주지,8
우리를 도와줬어요,8
둬 뭐,8
그를 찾게,8
우리를 떠날,8
우리를 막을 순,8
우리를 만나,8
둬 이제,8
둬 정말,8
둬 젠장,8
우리를 먼저,8
둬 좋아,8
우리를 믿는,8
둬 혼자,8
둬 하지만,8
그를 찾아가,8
둬서는 안,8
도와줄 거야 내가,8
우리를 봤어,8
둬요 그냥,8
무관하다는 걸,8
우리를 속였어요,8
뒀는지 알아,8
뒀다 뭐 해,8
그런 일이 일어나기,8
뒀다가 뭐,8
뒀던 거야,8
조금 주고,8
그를 찾았을 때,8
그를 찾았을,8
우리를 얻을,8
주지 않겠다고,8
무기 그리고,8
우리를 원해,8
뒈질 줄,8
나한테 신세를,8
우리를 위해서가,8
우리를 위해서도,8
우리를 의심할,8
우리를 이곳에,8
우리를 이끌고,8
뒤 또,8
주제에 왜,8
우리를 좋아하는,8
뒤 봐주는,8
가게 할 순 없어,8
우리를 죽이는,8
우리를 죽이면,8
건 위험,8
우리를 지킬,8
우리를 집으로,8
건 위험하고,8
그런 일이 일어난,8
우리를 찾아와,8
우리를 찾을거야,8
건 위험하다고,8
우리를 통해,8
우리를 칠,8
우리를 피해,8
우리를 해칠 수,8
뒤도 안 보고,8
우리만 믿어요,8
우리만 믿어,8
뒤따라 갈게요,8
우리만의 비밀,8
우리만의 비밀이에요,8
가게 해서,8
뒤따를 것이다,8
그를 탓하지,8
우리보다 잘,8
우리뿐 아니라,8
견딜 수 있습니다,8
우리에 의해,8
뒤로 기대,8
우리에게 겁을,8
우리에게 길을,8
우리에게 꿈은 없어도,8
우리에게 닥친,8
우리에게 달려 있다,8
그를 해고했다,8
우리에게 당신이,8
그를 해치고,8
뒤로 돌아 전달,8
건 의심할 여지가,8
그를 해치지 않을,8
뒤로 들어가,8
우리에게 말하길,8
뒤로 몇,8
건 이 세상에,8
주택 단지에,8
우리에게 말해주는,8
버리곤 못,8
우리에게 맞는,8
우리에게 맡겨요,8
주행 거리,8
뒤로 물러서다,8
그릇 주세요,8
우리에게 보내는,8
그릇에 담긴,8
우리에게 새,8
그릇을 달그락 내려놓는다,8
우리에게 시간이 얼마나,8
우리에게 알려줘,8
우리에게 약간의,8
뒤로 우리,8
우리에게 어떤 영향을,8
뒤로 잘,8
그릇일 뿐이야,8
그리 가,8
죽게 내버려 뒀어요,8
뒤로 조금만,8
우리에게 왔다,8
뒤로 줄을,8
뒤로 한 번도,8
그리 간단히,8
뒤로 할,8
건 이게 전부예요,8
그리 갈게요,8
우리에게 주었다,8
우리에게 준다,8
뒤를 따라와,8
그리 급해요,8
뒤를 따랐다,8
그리 급히,8
우리에게 진짜,8
우리에게 했던,8
우리에게는 선택의 여지가 없습니다,8
죽게 될 테니,8
그리 나쁘지 않아요,8
건 이미 알고 있어,8
우리에겐 어떤,8
뒤를 이은,8
뒤를 조심해요,8
우리와 더,8
우리와 똑같아,8
우리와 상관없는,8
우리와 비슷한,8
뒤를 캘,8
우리와 일하고,8
건 이상하지,8
우리와 함께 간다,8
하겠습니다 아,8
우리와 함께 하시겠습니까,8
뒤에 계세요,8
뒤에 꼭,8
뒤에 나,8
뒤에 남겨두고,8
우리와는 상관없는,8
뒤에 남는다,8
뒤에 남아서,8
우리의 감정을,8
뒤에 넣어,8
우리의 것입니다,8
나한테 연락하지 마,8
우리의 고향을,8
우리의 고통을,8
우리의 공통된,8
그리 생각 안,8
우리의 관심사는,8
우리의 기도를,8
우리의 기원에,8
우리의 기회야,8
그리 쉬운 일이,8
뒤에 무슨 일이,8
뒤에 문,8
우리의 눈과,8
여기에 살아요,8
우리의 대의에,8
뒤에 뭔가 있어요,8
우리의 더,8
뒤에 뭘,8
우리의 도움이 필요합니다,8
뒤에 바짝 붙어,8
건 이해하는데,8
우리의 두 번째,8
우리의 또,8
모른다는 거요,8
우리의 모의,8
가지 질문을 드리고,8
뒤에 숨겨져,8
그리 오래 걸려,8
내 명령대로,8
우리의 목표에,8
뒤에 숨었다,8
우리의 범인은,8
우리의 범인이,8
뒤에 실어,8
뒤에 아무도,8
우리의 사명을,8
건 이후로,8
뒤에 여기,8
우리의 상호,8
우리의 생존,8
뒤에 있고,8
뒤에 있나,8
가게에 가야,8
그리 중요해,8
그런 적 없거든,8
우리의 안전한,8
뒤에 있어야,8
우리의 오래된,8
뒤에 있으니,8
우리의 원래,8
우리의 유일한 희망이에요,8
뒤에 있잖아,8
뒤에 있죠,8
가게에 갔다가,8
건 인정할게요,8
우리의 이익을,8
뒤에 진짜,8
여기에 없잖아,8
우리의 임무에,8
뒤에 태우고,8
우리의 적이다,8
뒤에서 나를,8
그리고 가능하다면,8
우리의 직업은,8
뒤에서 뭘,8
죽기야 하겠어요,8
우리의 최근,8
우리의 최대,8
우리의 최우선 과제는,8
뒤에서 좀,8
뒤엔 내가,8
뒤엔 어떻게,8
뒤져 보고,8
우리의 행복을,8
무녀들의 기합,8
우리의 희망은,8
여기에 있나,8
그리고 간단한,8
그리고 감옥에,8
뒤지고 있었어,8
건 있나,8
죽는 거보다,8
뒤지는 거야,8
무대 감독,8
무대 공포증이,8
그리고 개인적인,8
우리한테 무슨 짓을 한,8
건 있습니다,8
가지 질문할 게,8
우리한테 아주,8
뒤집어 씌울,8
그리고 거기에 다른,8
여기에 있었고,8
그리고 거기에 다른 시각으로,8
뒤집어씌운 거죠,8
뒤집을 만한,8
우리한테 있는,8
뒤집힐 거야,8
우리한테 정보를,8
그리고 거짓말을,8
우리한테 주는,8
그리고 걱정 마,8
우리한테 할 말,8
가게에 좀,8
우리한텐 너무,8
우리한텐 언제나,8
우리한텐 잘된,8
뒤처지지 말고,8
우린 가끔,8
우린 가도,8
하고 고마워,8
가게에서 만난,8
그리고 경찰에,8
그리고 고대에,8
뒤통수를 쳤어,8
죽는 순간까지 난 너와,8
뒤통수를 치는,8
우린 강해,8
그리고 고대에 따르면,8
그리고 공식적으로,8
우린 게이다,8
우린 게임을,8
우린 결혼했어,8
죽는걸 봤어,8
도와줘 젠장,8
우린 계획대로,8
무대에선 내려왔잖아요,8
뒷문이 있어,8
거인의 습격으로,8
뒷자리에 앉아,8
여기에서 볼,8
죽는다고 해서,8
가게에서 일해요,8
우린 괜찮을 겁니다,8
그리고 그 남자,8
듀 클락,8
우린 그 모든,8
우린 그거,8
죽다 살아났는데,8
우린 그냥 그렇게,8
죽다 살았어,8
드 보부아르가,8
하겠어 안,8
우린 그들보다,8
했었는데 내가,8
우린 그래야,8
우린 그러면,8
우린 그러지 않을 거야,8
그리고 그 많은,8
우린 그런 사람들이,8
우린 그런 짓 안,8
우린 그렇게 할,8
드네요 그럼,8
드네요 나도,8
우린 나간다,8
우린 나무를,8
나한테 있지,8
그리고 그 아이는,8
건 잘된,8
그리고 그 애가,8
그리고 그 애는,8
우린 너 때문에,8
우린 너무 많은,8
죽어 다,8
건 잘못이지만,8
우린 노력했어,8
가겠습니다 좋아,8
우린 누군가를,8
우린 누굴,8
드는데 왜,8
우린 다 괜찮아,8
드는데 이런,8
우린 다 좋은,8
우린 다 죽게,8
우린 다 죽어요,8
죽어 있었고,8
우린 다시 시작할,8
우린 다신,8
우린 다음에,8
우린 단짝,8
드디어 나가떨어지네요,8
우린 당신과,8
우린 당신네,8
우린 대의를,8
드디어 내게,8
건 재미,8
드디어 누가,8
그런 죄책감을,8
우린 도와주러 온,8
우린 도우러,8
우린 도움이 필요해요,8
우린 돕고,8
우린 돌아올,8
우린 동등한,8
드디어 말이,8
죽어가면서 여기 뿌려,8
그리고 그건 좋은,8
드디어 빛을,8
드디어 시간이,8
우린 똑같지,8
우린 마을을,8
우린 많은 일을,8
건 저도 잘,8
드디어 이런,8
우린 먹을,8
우린 먼 길을,8
우린 멈출 수,8
드디어 잡았다,8
우린 명령을 받았어,8
우린 몇 가지,8
드디어 직접,8
여긴 꽃이,8
우린 모르고,8
우린 목적이,8
나쁜 애들,8
건 저와,8
가격에 두,8
우린 못 해,8
우린 무방비,8
드디어 할,8
그리고 그것은 더,8
우린 문제를,8
드디어 해냈어,8
건 저희가,8
그리고 그것은 많은,8
그리고 그것은 보인다,8
드라마 한,8
무릎 꿇으라,8
죽어야 하나,8
건 적절치,8
그리고 그것은 우리,8
무릎 꿇지 않을,8
우린 방법을 찾을,8
드라이브 갈까,8
죽어요 안,8
우린 부모가,8
무릎까지 꿇고,8
가격을 올릴,8
우린 부자야,8
우린 비긴,8
우린 비밀이,8
드라이브 중,8
여긴 내가 처리할게,8
드라이브가 있는 유일한 스타플릿,8
드라이브도 하고,8
우린 사람들이,8
드라이브를 다시,8
건 전에도,8
가격이 두,8
우린 살인 사건을,8
하고 매번,8
했었지 넌,8
그리고 그게 다가,8
드러나게 될,8
그리고 그게 다야,8
우린 서로 사랑하고,8
우린 서로가 있잖아요,8
드러나지 않을,8
도우러 올,8
우린 성공할,8
우린 수가,8
우린 수백,8
우린 수적으로,8
우린 숲,8
우린 쉽게,8
우린 슈퍼히어로가,8
죽었다고 내가,8
드럼 소리를,8
우린 승리할,8
그리고 그녀는 그,8
그리고 그녀가 말하길,8
우린 신경쓰지,8
거잖아 그런데,8
드레스 사러,8
그리고 그녀는 그랬다,8
우린 싸우지,8
우린 싸운다,8
그리고 그녀는 그렇지 않다,8
무리가 있어요,8
드레스가 정말,8
건 절대 하지,8
그리고 그녀는 우리에게,8
우린 아주 잘,8
죽었다는 걸 알고,8
드레이크 씨가,8
드려 정말,8
우린 안 될,8
죽었다는 소식을 듣고,8
우린 알게,8
우린 알고 있었어,8
우린 알아내야 해,8
건 정말 대단한,8
우린 얘기 좀,8
우린 얘기를,8
우린 어느새,8
우린 어둠을,8
가고 나중에,8
우린 어릴 때부터,8
우린 어쨌든,8
그리고 그는 그를,8
우린 엄마가,8
그리고 그는 너에게,8
드르륵 민다,8
도우려는 거요,8
우린 연결돼,8
건 정신 나간,8
우린 영원히 함께,8
우린 오래전부터,8
건 정확히,8
그리고 그는 무엇을,8
그리고 그는 분명히,8
건 제가 아니라,8
우린 우리를,8
여긴 아니에요,8
죽었어 알아,8
우린 위험하지,8
우린 음식이,8
우린 이 사람들을,8
그리고 그는 정말로,8
우린 이 상황을,8
드리려 합니다,8
드리려고 하고,8
드리려고 하고 있어요,8
드리려고 합니다,8
우린 이만 가,8
건 존재하지 않아,8
그리고 그들 중 한,8
우린 이제 끝이야,8
여긴 어떻게 알게,8
건 좀 그런데,8
여긴 어떻게 들어왔지,8
우린 인류를,8
하고 싶었던 거,8
우린 자네에게,8
드리죠 무슨,8
우린 자주,8
드리죠 우리,8
우린 잘 지내요,8
우린 잘 지낼 수,8
그리고 그들은 다시,8
우린 잘못된,8
드리죠 제가,8
우린 저걸,8
그리고 그들은 더,8
과학 수업,8
건 좀 어때,8
우린 저쪽으로,8
우린 전쟁 중입니다,8
우린 절친한,8
죽었으면 하고,8
드릴 걸,8
우린 조금,8
그리고 그들은 이,8
그리고 그들은 이것을,8
우린 종종,8
가고 싶겠죠,8
우린 좋은 샴페인을 터트리지,8
우린 좋은 샴페인을,8
우린 죽는 거야,8
드릴 말씀이 있다고,8
드릴 말씀이 있대요,8
우린 죽을 겁니다,8
무사히 돌아오길,8
그리고 그들이 그럴,8
그리고 그들이 그럴 때,8
그리고 그들이 어떻게,8
여긴 온통,8
우린 줄곧,8
건 좋은 거지,8
우린 지고,8
우린 지구를,8
그리고 그때 나는,8
건 좋은 생각이 아니야,8
우린 지금 막,8
우린 지옥에,8
드릴 수가 없어요,8
죽었잖아 이제,8
우린 질 거야,8
그리고 그땐,8
우린 집이,8
건 좋은 일이,8
우린 착륙한,8
우린 책임이,8
우린 천생연분이야,8
우린 총,8
드릴 테니까요,8
드릴게 있어요,8
가고 싶긴 한데,8
우린 친구가 아니에요,8
우린 친구고,8
우린 친구인 줄,8
죽여 그냥 날 죽여,8
우린 커플이,8
죽여 놓을,8
무서운 게 뭔지,8
그리고 그렇지 않은,8
우린 테러범과,8
여긴 얼씬도,8
봐 필요한,8
드릴게요 이건,8
건 죄송합니다,8
우린 평화롭게,8
드릴게요 이런,8
건 죄송하지만,8
우린 필요한,8
죽여 버릴 테니까,8
우린 필요할거야,8
여긴 웬일,8
드릴까 합니다,8
우린 한 팀이니까,8
그리고 그의 아내,8
우린 할 수 있다,8
우린 할 수 있을,8
그리고 그쪽,8
그리고 그쪽은,8
건 죽을,8
우린 함께 이,8
우린 함께하는,8
죽여 이,8
우린 항상 같이,8
드문 일이야,8
죽여도 되는,8
우린 해결책을,8
우린 해낼 거예요,8
우린 헤어졌어,8
여긴 자네,8
가고 싶다며,8
우린 혼자가 아니야,8
드세요 안녕하세요,8
그리고 기회를,8
무서울 거 없어,8
드세요 왜,8
우릴 갈라놓을 순,8
거잖아 맞지,8
도울 수 있는 모든,8
도울 수 있는 방법,8
우릴 고문하고,8
여긴 지구야,8
드시는 건,8
우릴 구해줄 거야,8
드시면 됩니다,8
드시면 좋겠네요,8
우릴 기다리는,8
드신 게,8
우릴 노리고 있어,8
우릴 노린,8
우릴 다른,8
죽였고 내가,8
드와이트 워커,8
우릴 데리러 와,8
우릴 도와주려고,8
그리고 나는 그들의,8
우릴 도와줄거야,8
득을 보는,8
그리고 나는 그러지,8
우릴 도울 수 있는,8
했을 때 전,8
든 가방을 들고,8
든 거 뭐야,8
우릴 따라,8
우릴 따라와요,8
우릴 떠났어,8
우릴 막을 순,8
가고 싶어 하는데,8
우릴 만나러,8
우릴 많이,8
우릴 먼저,8
건 지쳤어,8
우릴 뭘로,8
든 남자를,8
우릴 믿을 수,8
우릴 버리지 마,8
그리고 나는 당신의,8
가고 싶어 해,8
그리고 나는 또한,8
든 쥐야,8
우릴 살렸어,8
든다 고마워,8
든다 내,8
우릴 속이려고,8
든다는 거야,8
그리고 나는 모른다,8
우릴 쏘는,8
우릴 쏘고 있어,8
든든히 먹고,8
듣게 돼서,8
우릴 여기로 데려온 게,8
듣게 되다니,8
우릴 여기서 꺼내줄,8
듣게 되어 유감이에요,8
우릴 원하지,8
듣게 된다면,8
우릴 이길 수,8
우릴 이끌어,8
그리고 나는 여기에,8
그리고 나는 원하지 않는다,8
듣고 가,8
듣고 그런,8
여길 뜨고,8
그리고 나는 이해한다,8
우릴 죽일 셈이야,8
우릴 지켜보고 있을,8
우릴 지켜보고 있었어,8
그리고 나는 정말로,8
무서워해도 괜찮다는,8
우릴 쫓아온,8
듣고 다시,8
죽였어요 이,8
우릴 찍고,8
건 처음 들어,8
우릴 찾았어요,8
우릴 찾으러 올 거야,8
우릴 찾으면,8
그리고 나는이,8
건 처음 보는군,8
결과에 대해서,8
우릴 풀어,8
우릴 풀어줘,8
우릴 해치고,8
그리고 나보다,8
우산을 쓰고,8
우선 우리가,8
듣고 싶었던 말이야,8
우선 저,8
죽으려고 작정했어,8
듣고 싶으시면,8
우습게 보고,8
게 없었지만,8
죽으러 온 거지 네,8
우승을 차지했습니다,8
우승의 웃음,8
우승했을 때,8
우시로다 바쿠,8
우식의 아파하는 숨소리,8
우식이 살짝 웃는다,8
듣고 싶지 않으니까,8
우에야마 군,8
그리고 나에 대한,8
듣고 싶지 않을 거야,8
우연을 믿지,8
우연의 일치가 아니야,8
건 처음이었죠,8
죽으면 아무것도,8
듣고 엄청,8
우연이 너무,8
우연이 다 있나,8
우연이 아닌 것,8
가고 싶으면 가도,8
우연이라고 생각해,8
우연이라고 하기엔,8
우연일 수도 있지만,8
우연히 같은,8
우연히 네,8
우연히 만나,8
우연히 만났다고,8
우연히 만났을,8
우연히 미래에 가게,8
그리고 난 너,8
나한테는 항상,8
우연히 지나가는,8
우연히 함께,8
우연히도 내가,8
죽은 거야 내가,8
우울한 거,8
그리고 난 다른,8
그리고 난 당신,8
죽은 건 내,8
우위를 점한,8
우유 두 잔,8
듣고 있잖아요,8
우유 두 잔 줘요,8
우유 사,8
우유 한 잔,8
듣고 정말 기뻤어요,8
듣고 한 귀로,8
우정을 나눌,8
우정이 가장,8
그리고 난 오늘,8
우주 공간에,8
듣기 싫을,8
우주 밖으로,8
도움 요청하러,8
우주 비행사 이론가들이 제안한,8
듣기 좋은 말,8
듣기 좋은데요,8
그리고 남자가,8
듣기론 이,8
우주 유영,8
듣기만 했어,8
우주 정거장으로,8
듣기엔 너무,8
우주 최고의,8
듣긴 한 거야,8
그리고 내 마음은,8
우주 프로그램에,8
우주 함대,8
우주가 어떻게,8
건 필요 없고,8
여동생이랑 같이,8
듣는 걸 좋아해요,8
듣는 것 같아요,8
우주로 보낸,8
우주를 건너,8
가고 싶은 마음이,8
우주보다 크게 끌어안아줘,8
우주비행사 마크,8
우주선 선저우다 응답하라,8
우주선 선저우다,8
죽은 목숨이나,8
듣는 대로 전화,8
우주에 갔을 때,8
우주에 걸쳐,8
그리고 내가 가진,8
우주에 대한 지식,8
우주에 떠,8
그리고 내가 그녀를,8
우주에서 가장 큰,8
듣는 얘기네요,8
우주에서 태어났다 내 얼굴의,8
우주의 끝까지,8
듣는 이름입니다,8
죽은 사람으로,8
나한텐 그,8
우즈 지방,8
듣던 그,8
그리고 내가 당신을,8
도움도 없이,8
무슨 관계가 있지,8
여러 나라의,8
우측 이상,8
건 하나밖에,8
죽은 아내의,8
듣자마자 바로,8
우편으로 보내,8
듣지 마 난,8
그리고 내가 무슨,8
우현 전개,8
결국 남는,8
그리고 내가 사랑하는,8
운 나쁘게,8
그리고 내가 알기로는,8
듣지 못하면,8
조사한 건,8
듣지 못할 것이다,8
여러 나라에서,8
건 학교,8
운 좋은데,8
거잖아 좀,8
듣지 않아서,8
도움에 감사한다,8
운동 삼아,8
그리고 내가 필요한,8
여러 번 해,8
운동도 되고,8
듣지도 못했어,8
운동을 안,8
듣지도 않았어요,8
운동을 해야,8
듣진 마,8
네가 노력한,8
듣진 못했지만,8
운명에 대한,8
운명은 당신과,8
들 거에요,8
운명을 맞게,8
운명을 바꿀 순,8
들 땐 뒤로,8
퍼즐을 푸는,8
들 만한,8
운명의 창이,8
하고 있답니다,8
운명이 날,8
운명인 거야,8
죽은 척하고,8
운반할 때,8
들것 좀,8
운송 회사,8
운에 맡겨,8
운에 맡기지,8
운영 방식이,8
도움을 받아서요,8
운영하는 것,8
운영하는 것도,8
죽을 각오,8
그리고 너처럼,8
운영할 수 있는,8
들고 간,8
들고 갈 거야,8
운이 나빠,8
건 허락할 수,8
들고 갔어,8
운이 억세게,8
운이 없네,8
그리고 넌 계속,8
들고 나온,8
그리고 넌 그들을,8
그리고 넌 나의,8
들고 다니나,8
들고 다니는 거야,8
운이 좋으셨네요,8
들고 다니면,8
운이 좋은 게,8
들고 다닐 수가,8
들고 다른,8
그리고 넌 더,8
그리고 넌 모든,8
들고 뛰어,8
들고 뭐,8
그런 협박을,8
운전 실력이,8
운전 안 해요,8
들고 오고,8
운전 연습,8
운전 조심해라,8
운전 중이잖아,8
들고 왔습니다,8
들고 왔죠,8
낙오자와 부적응자로,8
운전은 귀신,8
운전은 귀신 같지,8
들고 있게,8
운전을 그렇게 빨리해,8
운전을 하지,8
가고 있는 거지,8
운전을 했어요,8
운전을 했어,8
그리고 네 아빠가,8
죽을 때까지 안,8
들고 있어 봐,8
죽을 때까지 여기,8
운전하면 안 돼요,8
들고 있었잖아,8
수 없다는 거군요,8
건가 何もなくても 아무것도,8
조셉 스미스에게,8
건가 何もなくても 아무것도 없어도,8
여러분 이쪽은,8
운항정보교신 데이터가,8
죽을 뻔해서,8
들긴 하는데,8
울 엄마는,8
울 엄마도,8
건가 그래,8
들락 날락,8
울고 싶지,8
들러도 돼,8
건가 네,8
울고 있던,8
울고 있었는데,8
울고 있었다,8
건가 보네요,8
들러서 인사나,8
울긴 왜 울어,8
들렀다 가자,8
그리고 누군가의,8
울려 퍼질 겁니다,8
도움을 주려는,8
울리는 거죠,8
울리지 않는다,8
그리고 능력,8
울릴 거예요,8
울릴 것이다,8
울먹이는 소리,8
울면 나도,8
울부짖는 소리,8
울어도 괜찮아,8
여러분께 진심으로,8
울음 섞인 숨을 내뱉는다,8
울음 소리가,8
울음 섞인 한숨,8
그리고 다른 것들도,8
울음이 터진다,8
울지 말자,8
그리고 다른 사람들,8
울타리 밖으로,8
건강 문제,8
울타리를 넘어,8
그리고 다른 사람이,8
들려줘요 내,8
들려줘요 내 영혼을 달래줘요,8
들려줘요 내 영혼을,8
그리고 다섯,8
움직여 시간이,8
들렸어요 그래서,8
들르기로 했어,8
그리고 다시 한,8
도움을 줬죠,8
그리고 다양한,8
움직이고 있니,8
움직이고 있었어요,8
움직이고 있죠,8
들리겠지만 내,8
그리고 다음번엔,8
죽을거야 그리고,8
무슨 뜻인지 모르지만,8
움직이는 모든,8
가지고 논 거야,8
들리는 것 같다,8
들리는 것 같아요,8
움직이면 더,8
들리는 바로는,8
들리는 사이렌,8
들리는 소리,8
움직이지 마 내,8
들리는 지,8
들리면 응답하라,8
움직이지 않았어요,8
움직이지 않을 것이다,8
들리지 않는데,8
들리지 않아 아무런,8
들리지 않아 아무런 소리도,8
그리고 당신은 그것에,8
들리지 않을,8
들리지만 하지만,8
움직일 수 있나,8
들린 거야,8
난 가겠어요,8
가지고 놀고 있어,8
들린다 이,8
그리고 당신은 그의,8
움직일 힘이,8
건강에 좋아요,8
움직임이 없어,8
움직임이 있어요,8
도움을 청했지만,8
들릴지 알아,8
죽음으로 내몬,8
들릴지 알지만,8
들릴지도 모르겠지만,8
가고 있어요'',8
웃겨 죽겠네요,8
죽음은 없나니,8
웃고 있습니다,8
죽음을 내,8
웃고 있었지,8
그리고 당신의 새로운,8
웃기는 거,8
웃기는 놈이야,8
웃기는 애네,8
웃기려고 하는,8
웃기시네 난,8
그리고 당신이 이,8
들어 가지고,8
그리고 당신이 할,8
죽음을 본,8
그리고 당신이랑,8
그런건 신경,8
들어 갑니다,8
건강하고 행복하게,8
무슨 말부터 해야,8
그리고 대부분은,8
건강한 감량을,8
웃는 게 아니야,8
웃는 법을,8
그리고 더 많이,8
웃는 얼굴도,8
무슨 말씀을 하시는 거죠,8
죽음의 소원을,8
웃어도 돼요,8
웃어도 돼,8
웃었던 것,8
들어 내 말은,8
그리고 더욱,8
죽음이 두렵지 않아,8
들어 누구,8
웃을 줄도,8
죽음이 두렵지 않아요,8
죽음의 위협을,8
건강한 음식을,8
웃음거리가 되는,8
웃음소리 효과음,8
웃음을 잃지,8
웃음을 지으며,8
웃음이 나,8
도움이 되겠나,8
들어 둘이,8
들어 둬,8
그리고 돌아서면서,8
들어 들어,8
그리고 돌아서면서 맥더못이,8
건강해 보여,8
그리고 돌아서면서 맥더못이 낸시를,8
웃지 않을,8
웃지도 말고,8
들어 많이,8
들어 맙소사,8
그리고 동생,8
건강해 보이네요,8
도움이 되겠는데,8
죽이게 하지,8
네가 독수리처럼,8
워낙 바빠서,8
들어 못,8
조심해 응,8
죽이겠다고 한,8
워드 대위,8
워런 씨,8
워렌 보이드,8
건국의 아버지들,8
그리고 두 사람은,8
워록 로드는,8
들어 보는 게,8
그리고 둘은,8
죽이고 머리를,8
워싱턴 하이츠에,8
워싱턴 호수,8
워싱턴에서 온,8
워치 부인,8
들어 볼게,8
들어 봐 그,8
그리고 또 있다,8
워터스 부인,8
그리고 또 하나는,8
원 안에 서있다가,8
들어 봐봐,8
들어 봐야지,8
그리고 또다른,8
원 오빠,8
원 이하의,8
원 테이크,8
들어 봤겠지,8
들어 봤니,8
원 플러스 원,8
들어 서로,8
들어 아,8
들어 아무,8
들어 안 돼,8
원래 그랬잖아,8
그리고 마을,8
원래 그런 것,8
그리고 마이크는,8
들어 오고,8
들어 오래,8
들어 오면,8
원래 모든,8
원래 목적은,8
원래 뭐,8
원래 상태로,8
들어 올리세요,8
원래 쓰던,8
원래 없던,8
원래 없었어,8
원래 이런 식으로,8
들어 우리를,8
건너서 눈이,8
건너서 눈이 부신,8
건너서 눈이 부신 그날에,8
죽이는 방법은,8
원래 항공 날짜,8
원래 혼자,8
들어 있다고요,8
원리를 설명해주지,8
들어 있었고,8
원망하면 안,8
그리고 말하지,8
원생 중,8
원샷 원샷,8
원수를 갚고,8
원수를 갚는,8
그리고 말해줘,8
죽이라는 게,8
원숭이 안아,8
원숭이 코는,8
죽이러 가자,8
들어 주겠어,8
원인에 대한,8
원인은 아직 밝혀지지,8
들어 주소서,8
들어 주시겠어요,8
그리고 맥주,8
그리고 맹세코,8
원인을 찾아야,8
원인을 찾을,8
그리고 머리도,8
건널 거야,8
원인이 되어,8
원인이 된다,8
그리고 머리를,8
들어 줘서 고마워요,8
원작 소설,8
원장 수녀님이,8
원점으로 돌아왔군,8
그리고 몇 시간,8
들어가 괜찮아,8
들어가 그리고,8
들어가 나도,8
원치 않았지,8
건네 줄,8
원치 않을 거예요,8
그리고 모든 일이,8
원칙이 있는,8
들어가 본 적이,8
그리고 모르는,8
그리고 모호한,8
들어가 볼래,8
도움이 될 것 같았어요,8
들어가 봤어요,8
거절하는 거예요,8
여성 쉼터,8
원하는 거 아냐,8
원하는 거겠지,8
원하는 거나,8
여성 여러분,8
도움이 될 때도,8
들어가 이제,8
원하는 건 내,8
원하는 건 모두,8
그리고 무엇보다도 서로에,8
들어가 자,8
그리고 무엇보다도 서로에 의해서,8
원하는 건 우리가,8
원하는 건 이거야,8
원하는 걸 가질 수,8
들어가게 됐어요,8
결국엔 그게,8
원하는 걸 말해요,8
죽이려는 거,8
원하는 걸 알,8
들어가게 해요,8
원하는 걸 하게,8
그리고 뭐요,8
원하는 것 같으니까,8
원하는 것들,8
원하는 것보다 더,8
그리고 뭔가가,8
난 걔들,8
원하는 것은 뭐든지,8
죽이면 그,8
원하는 것을 얻기 위해,8
원하는 게 그런,8
원하는 게 대체 뭐야,8
조언 하나 할게요,8
원하는 게 바로 그거야,8
들어가는 걸 본,8
무슨 말인지는 모르겠지만,8
들어가는 걸 봤어,8
그리고 믿을,8
건데 그래서,8
원하는 곳이,8
들어가는 길에,8
들어가는 길,8
들어가는 길을,8
도움이 될만한 걸,8
그리고 바로 여기,8
원하는 대로 하는,8
원하는 대로 할게요,8
거절하지 마세요,8
도움이 될지 모르지만,8
원하는 마지막,8
죽이지 못할,8
원하는 만큼 있어도,8
원하는 만큼은,8
들어가라고 해,8
들어가면 난,8
들어가면 내,8
원하는 사람만,8
들어가면 안 되는,8
들어가면 안돼요,8
원하는 쪽으로,8
들어가면 우린,8
들어가면 절대,8
건데 너도 같이,8
여왕이야 내,8
수 없어요 아니,8
원하는게 아냐,8
가기 전에 몇 가지,8
원하는게 아니야,8
건데 널,8
들어가서 놈을,8
건데 다,8
들어가서 몸,8
그리고 부탁,8
그리고 부탁인데,8
들어가서 우리,8
죽이진 마,8
원하면 할,8
원하면 할 수,8
들어가서 잘,8
원하시는 건 뭐든,8
들어가서 저,8
그리고 불을,8
들어가서 책,8
원하실 것 같아서요,8
그리고 비행기,8
원하지 않나,8
건데 만약,8
원하지 않는 곳에,8
원하지 않는가,8
무슨 문젠데,8
원하지 않아 이,8
원하지 않았고,8
원하지 않았는데,8
들어가요 내,8
가기 전에 할 일이,8
난 거의 모든,8
들어가요 어서요,8
들어가자 그래,8
건데 못,8
원하진 않을,8
원한 겁니다,8
그리고 사랑은,8
원한 게 이런,8
그런데 그러면,8
원한 있는,8
그리고 사이먼,8
원한다 해도,8
원한다고 다,8
결단을 내릴,8
가기 좋은,8
죽인 년을,8
도움 안 되네,8
건데 사실,8
건데 설마,8
원한다면 나도,8
거절할 수 없었어,8
하기에 달렸지,8
원한다면 오늘,8
원한다면 여기서,8
원한다면 우리,8
원한다면 제가,8
난 거짓말하지,8
들어갈 거고,8
죽인 유력한,8
들어갈 거니까,8
원할 때는,8
원할 뿐,8
원할 뿐이지,8
가지고 사람,8
들어갈 때는,8
그리고 설사,8
들어갈 방법이 없어,8
그런데 그를,8
가지고 살 수,8
원해 이제,8
들어갈 수 있나요,8
원해서 그런,8
원해서 온,8
도움이 필요하거나,8
원해요 그래서,8
원했다 그의,8
들어갈 수 있을 것,8
들어갈 수 있을까요,8
원했던 거 알아,8
원했던 거예요,8
원했던 거지,8
원했어 그리고,8
원했어요 그리고,8
들어갈 테니까요,8
원했을 때,8
들어갈게 그래,8
그리고 숙녀,8
무슨 사진을,8
죽일 거야 널,8
들어갈까 봐,8
들어갔다 나오면,8
들어갔다 나왔다,8
가기로 했고,8
난 검사,8
그리고 스타크,8
가기로 했네,8
죽일 거예요 그럼,8
들어갔을 거야,8
월급도 안,8
건데 일단,8
들어나 보죠,8
월급을 줄,8
월드 시리즈,8
월드 와일드,8
건데 일이,8
월드 와일드 미디어''의,8
월세 때문에,8
들어라 네,8
월에 그,8
월에 한,8
들어보고 말해,8
그리고 심각한,8
건데 저도,8
월터 의원이,8
그리고 쓰레기,8
웨딩 플래너가,8
그리고 아기도,8
죽일 수 없을,8
웨버 씨,8
웨버 선생님이,8
가기로 했었는데,8
그리고 아까 그,8
웨스턴 씨,8
웨스턴이야 예전엔,8
웨스턴이야 예전엔 그랬었다 까지,8
웨스턴이야 예전엔 그랬었다,8
그리고 아래로,8
웨스트 코스트,8
들어본 적이 있나요,8
들어봐 그래,8
죽일 순 있지,8
죽일 용기가,8
그리고 아무한테도,8
웨이드에 대해,8
들어봐 널,8
웨이브 반응,8
건데요 그게,8
그리고 아버지의,8
들어봐 모든,8
들어봐 아니,8
웬 놈들이냐,8
들어봐 왜,8
건데요 이,8
무슨 생각을 해야,8
그리고 아빤,8
그리고 아서는,8
난 결정했어요,8
그리고 아이가,8
웬일인지 그래,8
들어봐요 당신은,8
들어봐요 제,8
건드렸나 봐요,8
도움이 필요해 네가,8
들어서 그런,8
들어서 내,8
건드리게 할,8
위 좀,8
들어야 돼요,8
들어야 하나,8
도움이 필요해 지금,8
여자 역할을,8
위기 대처,8
위기 대응,8
무슨 생각일까요,8
그리고 애가,8
그리고 애도,8
건드리는 걸,8
위노나 어프,8
건드리는 게 좋아,8
위대한 것을 구하라,8
위대한 국가를,8
위대한 도시,8
위대한 마술사,8
들어오게 할 거야,8
위대한 바람에 걸고,8
여자 엉덩이,8
위대한 셜록,8
들어오고 뭐,8
위대한 업적은,8
위대한 유산,8
들어오기 직전에,8
준 거 있어,8
들어오기만 하면,8
위대한 한,8
그리고 어디서,8
준 거고요,8
위력을 보여주마,8
건드리면 안 되는,8
위로 갈,8
들어오는 것을,8
위로 날아갈까,8
위로 떨어져,8
위로 손을,8
위로 안,8
무슨 소리 안 들려,8
들어오는 알림음,8
위로 좀,8
들어오려고 해,8
위로가 되네,8
여자 찾는,8
그리고 어젯밤엔,8
들어오면 안 되죠,8
들어오면 안 된다고,8
위로해 줘야,8
위를 걷던 우리,8
들어오면 우린,8
건드리지 마시오,8
위를 걷던 우리 둘,8
그리고 언니,8
건드리지 말게,8
들어오세요 고맙습니다,8
위를 떠본 적도,8
위를 떠본,8
위를 떠본 적도 없었다,8
그리고 언제든지,8
들어오세요 아,8
가까운 거,8
위법 행위입니다,8
들어오세요 여기,8
그리고 얼마 지나지 않아,8
위성 라디오,8
위성 안테나,8
그리고 얼마나 오래,8
들어오실 거예요,8
위스키 스트레이트,8
위스키 사워,8
위스키 안,8
그리고 엄마를,8
그리고 엄마한테,8
무슨 소리였어요,8
여자 팬티를,8
건드리지 않았어요,8
위에 그냥,8
건드리지 않으면,8
위에 놓여,8
위에 다,8
그리고 여기를,8
들어온 순간부터,8
들어온 이후로,8
그리고 여기에서,8
위에 살아,8
그리고 여덟,8
위에 손을 올리세요,8
위에 썼던,8
여자 화장실은,8
위에 앉는,8
위에 올려놨어,8
위에 있게,8
무슨 소리인지 전혀,8
준다 그,8
들어올 수는,8
난 공원,8
들어올 순 없어,8
들어올 테니까,8
들어올지도 몰라,8
위에 있지 않다,8
위에 집을,8
위에 하나,8
위에서 내,8
위에서 뭘 하고,8
위에서 본,8
들어와 무슨 일이야,8
준다면 그,8
하나 만드는,8
위에서 잘,8
그리고 오늘날까지,8
위엔 아무도,8
그리고 오래된,8
들어와 엄마,8
위장 근무는,8
위장 신분은,8
위장을 하고,8
그리고 올,8
들어와 좋아,8
들어와 주세요,8
그리고 왜 그들은,8
건들지 않는,8
들어와서 이,8
들어와서 이렇게,8
들어와서 좀,8
하나 때문에 날,8
들어와서 죄송합니다,8
건들지 않는 게,8
위층으로 와,8
위치 및,8
들어와야 해요,8
위치 잡아,8
가까운 병원이,8
들어와요 네,8
들어와요 안녕,8
위치가 어디지,8
위치가 어딘지,8
들어와요 여긴,8
위치는 못,8
그리고 우리 둘이,8
그런데 무슨 일,8
준비 하렴,8
위치를 보면,8
여자가 비명을,8
준비 하자,8
건물 뒤,8
위치를 알아내다,8
위치를 알아내야 해,8
준비가 다 된,8
건물 뒤쪽에,8
건물 몇,8
들어요 그게,8
들어요 그래,8
들어요 그래요,8
들어요 그럼,8
그리고 우리가 더,8
도주 중에,8
들어요 난 당신,8
위치에 대해,8
들어요 난 엘리너 셸스트롭이에요,8
들어요 난 엘리너,8
위치에 있다는,8
위치에 있을,8
그리고 우리가 찾은,8
위키드는 좋은,8
조의를 표할,8
위키드는 좋은 일을,8
들어요 당장,8
준비가 끝나면,8
위탁 아동을,8
들어요 아뇨,8
가까운 사람일,8
들어요 안,8
들어요 어떤,8
위하여 그래,8
위하여 그래서,8
그리고 우리는 그것이,8
들어요 오늘,8
건물 안에 있습니다,8
위하여 빌어 주소서,8
위하여 빌어,8
그리고 우리는 단지,8
위한 거대한,8
가까운 사이도,8
그리고 우리는 당신의,8
위한 거야 그리고,8
들어요 좋아,8
들어요 주르륵,8
들어요 주르륵 똑똑,8
그리고 우리는 모든 것을,8
들어있을 거야,8
건물 옥상에,8
그리고 우리는 어떻게,8
했지 자기,8
위한 게 아니고,8
가까운 사이였어,8
위한 계획은,8
위한 곳이지,8
위한 길이,8
위한 나라는,8
그리고 우리는 항상,8
들어줄 수 있어요,8
위한 노력으로,8
들어줄 수도,8
들어줄 순,8
위한 방법은,8
그리고 우리의 모든,8
위한 서류,8
그리고 우린 계속,8
준비는 됐지,8
준비는 어떻게,8
그리고 우린 모두,8
하나 생겼다,8
위한 약간의,8
건물로 들어가는,8
위한 일종의,8
위한 작업을,8
조작한 건,8
하나 승,8
건물에 들어가,8
들었는데 정말,8
위한 첫 번째,8
건물에 들어가서,8
들었는지 말해,8
가까운 줄,8
들었는지 알고,8
건물에 못,8
수 있게 말이야 넌,8
가까운 출구로,8
들었는진 모르겠지만,8
위한 학교,8
들었다 그는,8
들었다 나는,8
들었다 넌,8
그리고 의사가,8
위해 거의,8
건물에 있던,8
그리고 이 멋진,8
위해 건배해요,8
난 괴짜,8
위해 고용되었다,8
들었습니다 모두,8
위해 곧,8
위해 그 일을,8
들었습니다 이,8
준비를 마친,8
위해 그곳에 있다,8
들었어 곧,8
위해 그랬다는,8
위해 그랬어,8
위해 그러는 거야,8
위해 그런 거예요,8
난 교회,8
위해 그런 짓을,8
위해 그렇게 해,8
위해 그리고 그는,8
위해 그리고 난,8
위해 그리고 이,8
위해 그와,8
위해 글을,8
들었어 누가,8
위해 기다리는,8
수 있게 해드릴게요,8
들었어 더,8
위해 깜짝,8
들었어 아까,8
위해 나무를,8
여자는 아무도,8
들었어 아무튼,8
들었어 어떤,8
들었어 오늘,8
들었어 이런,8
그리고 이것에 대해,8
들었어 좀,8
위해 노력하다,8
들었어 혹시,8
위해 다들,8
그리고 이게 내,8
위해 똑같은,8
들었어요 다들,8
위해 마약을,8
위해 마이애미에서,8
위해 만들어진 게,8
위해 많은 노력을,8
위해 많이,8
위해 말을,8
위해 말이죠,8
들었어요 유감이에요,8
준비한 선물을,8
무슨 의미가 있니,8
위해 못할,8
들었어요 좋아,8
들었으면 좋겠네,8
위해 뭐든지 할 수,8
들었으면 해,8
위해 뭔가 하고,8
들었을 거다,8
가까워지고 있다는,8
위해 바다를,8
위해 밤새,8
위해 방역선을,8
위해 부르는,8
들었을 테니,8
위해 불을,8
들었을 텐데요,8
그리고 이제 우린,8
위해 사람들은,8
그리고 이제 전,8
위해 사용할 수,8
위해 살아가는,8
관계 개선을,8
들었지 날,8
들었지 내,8
그리고 이쪽은 내,8
건배 그래서,8
위해 시간,8
위해 싸우고 있는,8
그리고 인터넷,8
들여다 보았다,8
위해 싸우다 죽은,8
위해 싸우러,8
위해 싸우려고,8
위해 싸운다고,8
위해 싸워야 할,8
위해 싸워야지,8
들여보내 줄 거예요,8
위해 아껴둬,8
위해 안녕,8
들여보낸 거야,8
위해 애쓰고 있어,8
위해 애쓴,8
위해 어느,8
난 그 사람의,8
건배 정말,8
들으니 너무 좋다,8
들으니 반갑네요,8
들으니 반갑다,8
난 그 사람이랑,8
위해 여길,8
조준을 못,8
조준하고 있어요,8
위해 왜냐하면,8
위해 음악을,8
건배를 제안하고,8
위해 이 일을 하는,8
들으면 돼요,8
위해 이런 짓을,8
위해 이럴,8
위해 이번,8
줄 거예요 전,8
들으면 우리,8
위해 일하고 있습니다,8
들으면 정말,8
그리고 장,8
들으면 좋아할,8
들으세요 그,8
위해 일하라고,8
들으세요 제가,8
들으세요 제,8
건설 프로젝트,8
그리고 재미있는,8
들으셨나 본데,8
위해 일한다면,8
그리고 쟤,8
건설 프로젝트를,8
위해 일했지,8
들은 거 같아요,8
무슨 일 있으면 연락,8
도쿄 중앙은행,8
그리고 저걸,8
거죠 늘,8
위해 저녁을,8
위해 저희,8
들은 거로 하죠,8
들은 거로 할게요,8
건설 회사를,8
위해 절대,8
줄 것이지,8
위해 제대로,8
들은 건지,8
그리고 저는 그,8
여자랑 잤어요,8
들은 걸로 할게요,8
가까이 가지 마라,8
들은 것 중,8
위해 준비해,8
위해 줄,8
가까이 가지 말고,8
위해 지구,8
그리고 저쪽은,8
봐야겠어 이,8
위해 지어진,8
건에 달하는,8
들은 기억이,8
위해 최선을 다하겠습니다,8
위해 최선을 다했어요,8
건에 대해선,8
위해 태어났다,8
들은 셈,8
건은 네가,8
위해 파견되었다,8
들은 얘기랑,8
위해 폭탄을,8
위해 피,8
들은 얘기예요,8
위해 필요한 건,8
도통 이해가,8
그리고 전쟁,8
수 있기만,8
위해 하나를,8
그리고 전혀,8
들은 적 있지,8
들은 적이 없다,8
위해 한 가지,8
위해 한 겁니다,8
위해 한 일이,8
그리고 젊은,8
들은 후에,8
위해 해줄 게,8
위해 희생해야,8
그리고 제 생각에는,8
건의 살인 사건이,8
위해서 거기,8
위해서 고마워,8
위해서 그걸,8
가까이 갈 수 있어,8
위해서 그들이,8
위해서 그랬지,8
건의 살인으로,8
들을 수 없었다,8
위해서 나도,8
들을 수 있고,8
들을 수 있나요,8
위해서 너는,8
위해서 너무,8
들을 수 있는지,8
위해서 당신은,8
위해서 말이야 그래,8
위해서 말이야 그래서,8
그리고 조심해,8
그리고 조지,8
여자를 쏴,8
위해서 못,8
위해서 뭐든지 할,8
그리고 죄송해요,8
들을 시간 없어요,8
들을 위해,8
위해서 아무것도,8
모욕적인 말을,8
가까이 다가가다,8
위해서 여기까지,8
행 비행기를,8
들을 필요도 없어,8
가까이 다가가야,8
위해서 일하지,8
들을수록 다정한 말투,8
들을수록 다정한,8
들을지도 몰라,8
위해서 잘,8
하나 혹시라도 이 안에,8
위해서 좋은,8
위해서 집에,8
위해서 하나,8
들이닥쳤을 때,8
위해서 하지만 나는,8
위해서 한 게,8
들이대는 거,8
위해서 했어,8
들이마시고 내쉬고,8
위해서는 강철,8
위해서가 아닙니다,8
독립적 인,8
하나 혹시라도,8
그리고 지금 내,8
건지 궁금한,8
위해서도 아니야,8
그리고 지금 네,8
건지 궁금해요,8
조직이 있어요,8
줄 수 없었다,8
들이지 않을,8
위해서라면 못 할,8
위해서라면 못할,8
위해서라면 무엇이든 할,8
위해서라면 뭐든 할 거예요,8
위해서라면 뭐든 할 거야,8
위해서라면 뭐든지 할 거야,8
그리고 지금껏,8
들일 수는,8
들일 수도,8
위해서야 날,8
그리고 지금은 내가,8
줄 수 있는 사람이,8
그리고 지금이,8
건지 나는,8
난 그것보다 더,8
그리고 지난 몇,8
들지 않는다고,8
위해서요 우리가,8
건지 나도 잘,8
들지 않소,8
위해서요 정말,8
위해서요 제,8
위해서죠 그게,8
들지 않아서,8
위해서죠 하지만,8
모을 수 있게,8
위해선 죽기라도,8
위험 감지,8
그리고 질문은,8
들추는 건,8
위험 요소,8
위험 위험 위험,8
건지 네,8
들키는 게,8
여자애 좀,8
독수리처럼 높이 오르며,8
들키면 어떡해요,8
들키면 어쩌려고,8
들키면 우리,8
그리고 차도,8
들키지 마라,8
위험에 빠뜨릴 수도,8
들킨 거야,8
위험에 빠지게 할,8
줄 수도 있다,8
줄 수도 있는데,8
건지 당장,8
들킬 일,8
위험에 처하는,8
위험에 처한 사이,8
들통 날,8
위험에 처해 있어요,8
건지 더,8
들통날 텐데,8
건지 말 건지,8
그리고 총도,8
그리고 최,8
위험을 감수하며,8
위험을 감수할 수 없었다,8
듯 잘,8
듯 하군요,8
듯 하지만,8
위험을 감수해야 할,8
위험을 감수해야 한다,8
그리고 추가,8
가까이 오고 있어,8
위험을 무릅써야,8
듯 했어,8
건지 말해 줄,8
위험을 무릎쓰고,8
듯이 말하지,8
건지 말해요,8
위험이 감지됐습니다,8
위험이 있으니,8
여자야 근데,8
하나가 필요하다,8
등 다양한,8
위험하다는 거야,8
여자에 대해서 말이야,8
위험한 거요,8
그리고 크리스마스,8
위험한 겁니다,8
건지 모르겠습니다,8
위험한 것을,8
위험한 게 뭔지,8
위험한 게임을 하고,8
여자에게 무슨,8
편지 때문에,8
건지 모르겠어 내가,8
위험한 놈들이야,8
그리고 톰,8
위험한 도박을,8
위험한 무기를,8
등 하는,8
위험한 사람들이에요,8
그리고 파괴,8
등등 그리고,8
등록 번호가,8
위험한 일도,8
위험한 일을 하는,8
위험한 일이지,8
등록되어 있습니다,8
위험한 짓 한,8
위험한 짓 한 적,8
등록되어 있어요,8
그리고 필요하면,8
등록이 안 된,8
등록할 때,8
위험할 수도 있다고,8
위험할 줄,8
위험할 텐데요,8
건지 무슨,8
등신 같아,8
줄 알아 어떻게,8
위험해 그냥,8
그리고 하지,8
그리고 학교에서,8
무슨 일이 일어날지 어떻게,8
위험해 보이는데요,8
위험해 알았어,8
가까이 올 수,8
등에 총을 겨누고,8
위험해요 당장,8
건지 뭔지,8
